Pages les plus populaires,Clics,Impressions,CTR,Position
https://belmobile.be/pages/tarifs-reparation-iphone-11,11957,363927,3.29%,9.81
https://belmobile.be/,4820,289391,1.67%,8.93
https://belmobile.be/pages/reparation-iphone-13-prix,3694,174739,2.11%,9.34
https://belmobile.be/pages/reparation-playstation-5,2349,51636,4.55%,11.02
https://belmobile.be/collections/all/recepteurs-iptv,2116,91408,2.31%,11.02
https://belmobile.be/pages/rachat-gsm-bruxelles,2014,52406,3.84%,14.32
https://belmobile.be/pages/tarifs-reparation-iphone-14-pro,1974,69130,2.86%,8.07
https://belmobile.be/pages/reparation-iphone-x,1900,86589,2.19%,13.71
https://belmobile.be/pages/rachat-reprise-revendre-cash-appareils-high-tech-bruxelles,1719,44549,3.86%,20.89
https://belmobile.be/pages/reparation-iphone-12-pro,1653,99714,1.66%,12.19
https://belmobile.be/pages/rachat-iphone-bruxelles,1238,48464,2.55%,12.89
https://belmobile.be/pages/reparation-iphone-14-pro-max,1014,27760,3.65%,10.46
https://belmobile.be/nl/pages/iphone-11-tarieven-reparatie,990,89387,1.11%,24.07
https://belmobile.be/pages/reparation-iphone-12-mini,894,33500,2.67%,14.32
https://belmobile.be/pages/reparation-smartphone-bruxelles,853,61344,1.39%,8.92
https://belmobile.be/pages/reparation-samsung-galaxy-s23-ultra,792,16562,4.78%,13.03
https://belmobile.be/pages/tarifs-reparation-iphone-12,777,39744,1.96%,10.65
https://belmobile.be/pages/reparation-iphone-se-2020,754,25934,2.91%,15.17
https://belmobile.be/pages/reparation-iphone-xr,726,46302,1.57%,18.59
https://belmobile.be/pages/reparation-samsung-galaxy-s22-ultra,720,12884,5.59%,9.86
https://belmobile.be/pages/reparation-iphone-xs,715,24981,2.86%,13.85
https://belmobile.be/pages/reparation-iphone-12-pro-max,704,29045,2.42%,19.28
https://belmobile.be/pages/reparation-iphone-15-pro,675,27354,2.47%,9.15
https://belmobile.be/pages/reparation-samsung-galaxy-a14,659,30329,2.17%,10.38
https://belmobile.be/pages/reparation-galaxy-z-flip4,607,11989,5.06%,12.92
https://belmobile.be/pages/reparation-playstation-4-slim-ps4-pro,596,27293,2.18%,22.35
https://belmobile.be/pages/grossiste-accessoires-gsm-smartphone-tablette-bruxelles,596,23494,2.54%,40.44
https://belmobile.be/collections/smartphone-pas-cher-bruxelles,566,61413,0.92%,21.88
https://belmobile.be/pages/reparation-3ds-2ds-xl-bruxelles,546,7180,7.6%,16.59
https://belmobile.be/pages/reparation-iphone-13-pro-max,490,20536,2.39%,16.2
https://belmobile.be/pages/reparation-express-smartphone-tablette-et-ordinateur-a-bruxelles,476,58579,0.81%,14.85
https://belmobile.be/products/pc-portable-hp-hq-tre-71025,437,15274,2.86%,12.37
https://belmobile.be/pages/reparation-iphone-13-pro,431,19309,2.23%,10.49
https://belmobile.be/pages/reparation-switch-lite-bruxelles,420,11534,3.64%,17.66
https://belmobile.be/pages/reparation-iphone-se-2022,418,13757,3.04%,16.81
https://belmobile.be/collections/tv-home-cinema/recepteurs-iptv,401,16983,2.36%,14.22
https://belmobile.be/pages/reparation-samsung-galaxy-a54,399,14029,2.84%,10.48
https://belmobile.be/pages/reparation-samsung-galaxy-s22,395,7993,4.94%,10.31
https://belmobile.be/pages/reparation-iphone-11-pro,394,23968,1.64%,18
https://belmobile.be/pages/rachat-macbook-bruxelles,389,16908,2.3%,21.03
https://belmobile.be/pages/reparation-sony-playstation-bruxelles,363,15447,2.35%,10.41
https://belmobile.be/products/apple-macbook-air-a1466-13-3-core-i5-1-4-ghz-ssd-128-gb-ram-8-go-grade-a,362,31353,1.15%,25.61
https://belmobile.be/pages/reparation-samsung-galaxy-tab-a8-10-5-2021,354,13478,2.63%,19.8
https://belmobile.be/pages/revendre-ordinateur-pc-portable,345,8399,4.11%,28.35
https://belmobile.be/pages/reparation-iphone-13-mini,343,14519,2.36%,13.11
https://belmobile.be/products/tiger-star-dvb-s-s2-top-box-m1-full-hd-recepteur-satellite-numerique,335,8499,3.94%,9.84
https://belmobile.be/pages/reparation-samsung-galaxy-z-flip-5g,335,6124,5.47%,8.76
https://belmobile.be/pages/reparation-iphone-11-pro-max,330,23979,1.38%,24.28
https://belmobile.be/pages/reparation-xbox-series-x,312,4750,6.57%,14.31
https://belmobile.be/nl/pages/samsung-galaxy-s22-ultra-reparatie,308,9988,3.08%,36.62
https://belmobile.be/pages/reparation-iphone-14-plus,300,11156,2.69%,8.97
https://belmobile.be/pages/revendre-iphone-16,282,5530,5.1%,9.41
https://belmobile.be/pages/grossiste-pieces-detachees-iphone-bruxelles,279,11483,2.43%,30.39
https://belmobile.be/products/boitier-decodeur-iptv-box-imaq-820-4k-dvb-wifi-internet-tv,277,5700,4.86%,21.69
https://belmobile.be/collections/pieces-detachees-smartphone,273,6481,4.21%,27.35
https://belmobile.be/nl/pages/iphone-12-tarieven-reparatie,256,24127,1.06%,27.23
https://belmobile.be/pages/revendre-iphone-11,250,11754,2.13%,16.91
https://belmobile.be/pages/magasin-informatique-bruxelles,248,33767,0.73%,12.92
https://belmobile.be/nl/pages/samsung-galaxy-a14-reparatie,248,28753,0.86%,36.81
https://belmobile.be/nl/pages/iphone-13-reparatie-prijs,247,17006,1.45%,22.61
https://belmobile.be/pages/reparation-samsung-galaxy-a53,245,5631,4.35%,9.93
https://belmobile.be/pages/reparation-galaxy-z-flip3,244,5248,4.65%,12.05
https://belmobile.be/pages/revendre-iphone,241,11841,2.04%,24.67
https://belmobile.be/pages/revendre-iphone-15,240,6111,3.93%,14.17
https://belmobile.be/pages/reparation-galaxy-s20,239,3875,6.17%,14.28
https://belmobile.be/collections/mini-gsm-telephone-portable,238,87021,0.27%,23.36
https://belmobile.be/pages/reparation-samsung-galaxy-s23,236,5321,4.44%,10.93
https://belmobile.be/products/telecommande-remote-control-pour-mag-250-254-255-260-261-270-iptv-tv-set-top-box,212,20293,1.04%,9.9
https://belmobile.be/pages/reparation-ordinateur-bruxelles,210,35332,0.59%,18.27
https://belmobile.be/pages/reparation-samsung-galaxy-s21-ultra,201,5255,3.82%,16.27
https://belmobile.be/pages/reparation-galaxy-s21,198,3588,5.52%,14.91
https://belmobile.be/pages/deblocage-iphone-bruxelles,195,15731,1.24%,9.28
https://belmobile.be/nl,195,13066,1.49%,27.68
https://belmobile.be/products/pc-tablette-hybride-9-0-klipad-2-en-1-android-7-0,193,18337,1.05%,18.57
https://belmobile.be/pages/reparation-console,192,7501,2.56%,10.27
https://belmobile.be/pages/reparation-galaxy-z-fold3,191,3824,4.99%,11.82
https://belmobile.be/pages/reparation-samsung-galaxy-z-fold4,188,3885,4.84%,11.02
https://belmobile.be/pages/revendre-iphone-13,186,6240,2.98%,10.46
https://belmobile.be/pages/reparation-ipad-10,183,5588,3.27%,14.57
https://belmobile.be/pages/reparation-iphone-xs-max,177,7676,2.31%,21.84
https://belmobile.be/products/mini-gsm-bm-m10,174,13992,1.24%,10.9
https://belmobile.be/pages/revendre-smartphone,173,4687,3.69%,16.69
https://belmobile.be/pages/rachat-ipad-bruxelles,170,6867,2.48%,18.63
https://belmobile.be/pages/reparation-samsung-galaxy-a04s,168,10127,1.66%,12.7
https://belmobile.be/pages/revendre-ps5,168,4397,3.82%,16.64
https://belmobile.be/pages/reparation-samsung-galaxy-a34,167,5383,3.1%,12.47
https://belmobile.be/nl/pages/reparatie-nintendo-3ds-2ds-xl-brussel,167,3303,5.06%,18.37
https://belmobile.be/pages/reparation-xiaomi-13-pro,166,3163,5.25%,10.67
https://belmobile.be/pages/reparation-galaxy-a51,164,7397,2.22%,12.22
https://belmobile.be/pages/reparation-galaxy-a52,161,4004,4.02%,10.55
https://belmobile.be/nl/pages/groothandel-gsm-smartphone-tablet-accessoires-brussel,160,8031,1.99%,42
https://belmobile.be/pages/reparation-p30,160,7708,2.08%,25.27
https://belmobile.be/pages/revendre-iphone-15-pro-max,159,4771,3.33%,19.77
https://belmobile.be/pages/revendre-iphone-14,152,4289,3.54%,10.24
https://belmobile.be/nl/products/mini-gsm-bm-m10,147,15698,0.94%,14.95
https://belmobile.be/pages/revendre,146,3568,4.09%,14.8
https://belmobile.be/pages/revendre-iphone-12-pro,144,8581,1.68%,18.19
https://belmobile.be/blogs/blog-high-tech/reparation-face-id-iphone-prix-bruxelles,142,11766,1.21%,16.01
https://belmobile.be/pages/reparation-galaxy-s9,142,8876,1.6%,28.33
https://belmobile.be/pages/revendre-samsung,141,10438,1.35%,30.78
https://belmobile.be/pages/reparation-galaxy-a12,141,6609,2.13%,18.79
https://belmobile.be/pages/reparation-nintendo-bruxelles,140,3288,4.26%,11.74
https://belmobile.be/pages/reparation-smartwatch,140,2551,5.49%,17.53
https://belmobile.be/pages/reparation-samsung-galaxy-watch-4-classic,139,4736,2.93%,11.34
https://belmobile.be/pages/revendre-smartwatch,138,1172,11.77%,22.69
https://belmobile.be/pages/reparation-iphone-anderlecht,137,16016,0.86%,24.22
https://belmobile.be/pages/reparation-ecran-samsung-bruxelles,137,13070,1.05%,13.53
https://belmobile.be/pages/reparation-galaxy-s20-fe,137,2548,5.38%,16.27
https://belmobile.be/pages/reparation-redmi-note-12-pro,136,4488,3.03%,15.44
https://belmobile.be/pages/revendre-apple-watch,136,4078,3.33%,22.37
https://belmobile.be/pages/reparation-huawei-bruxelles,135,7629,1.77%,12.6
https://belmobile.be/pages/reparation-xiaomi-bruxelles,135,5557,2.43%,7.96
https://belmobile.be/pages/reparation-ipad-pro-12-9-2020,134,3531,3.79%,12.66
https://belmobile.be/pages/revendre-iphone-x,132,9345,1.41%,19.11
https://belmobile.be/nl/pages/samsung-galaxy-a54-reparatie,132,7937,1.66%,27.95
https://belmobile.be/pages/reparation-xbox-one,131,5030,2.6%,27.2
https://belmobile.be/pages/reparation-redmi-10,129,2854,4.52%,12.02
https://belmobile.be/pages/reparation-galaxy-a50,127,4111,3.09%,19.15
https://belmobile.be/pages/reparation-galaxy-s10,124,4656,2.66%,20.62
https://belmobile.be/pages/revendre-iphone-15-pro,122,7830,1.56%,14.34
https://belmobile.be/pages/reparation-p30-lite,119,7529,1.58%,24.95
https://belmobile.be/pages/reparation-playstation-3-ps3-slim,117,5992,1.95%,23.12
https://belmobile.be/pages/reparation-galaxy-s10-plus,117,3963,2.95%,26.23
https://belmobile.be/pages/reparation-samsung-galaxy-a23,115,5345,2.15%,14.55
https://belmobile.be/pages/reparation-ipad-pro-11-2021,113,3065,3.69%,16.86
https://belmobile.be/pages/revendre-iphone-13-pro-max,112,10606,1.06%,18.17
https://belmobile.be/nl/products/boitier-decodeur-iptv-box-imaq-820-4k-dvb-wifi-internet-tv,110,2855,3.85%,15.05
https://belmobile.be/pages/revendre-galaxy-s22,108,5983,1.81%,13.37
https://belmobile.be/products/zte-blade-l210-4g-32gb-bleu,105,4798,2.19%,9.7
https://belmobile.be/pages/reparation-redmi-note-12,104,3386,3.07%,10.69
https://belmobile.be/pages/reparation-apple-watch,102,4219,2.42%,26.56
https://belmobile.be/pages/reparation-redmi-12c,101,4358,2.32%,14.11
https://belmobile.be/pages/avis-des-clients,100,4368,2.29%,3.45
https://belmobile.be/pages/revendre-samsung-galaxy-s23,98,4325,2.27%,16.49
https://belmobile.be/pages/reparation-p30-pro,98,3468,2.83%,21.98
https://belmobile.be/nl/pages/revendre-smartwatch,98,2462,3.98%,47.33
https://belmobile.be/nl/products/apple-macbook-air-a1466-13-3-core-i5-1-4-ghz-ssd-128-gb-ram-8-go-grade-a,97,16864,0.58%,40.58
https://belmobile.be/collections/iphone-occasion-bruxelles,96,12125,0.79%,14.59
https://belmobile.be/pages/revendre-iphone-14-pro-max,93,5858,1.59%,17.25
https://belmobile.be/pages/revendre-samsung-galaxy-s23-ultra,92,4194,2.19%,20.28
https://belmobile.be/pages/reparation-apple-watch-bruxelles,92,3445,2.67%,18.79
https://belmobile.be/pages/revendre-apple-ipad,92,3163,2.91%,23.35
https://belmobile.be/nl/pages/reparation-samsung-galaxy-tab-s6,91,6076,1.5%,30.24
https://belmobile.be/pages/microsoudure-iphone-bruxelles,90,6734,1.34%,22.75
https://belmobile.be/pages/revendre-iphone-14-pro,89,5812,1.53%,30.99
https://belmobile.be/pages/reparation-galaxy-a71,89,1905,4.67%,13.15
https://belmobile.be/products/mag324-325-boitier-decodeur-iptv-set-top-box-internet-by-infomir,87,8813,0.99%,19.78
https://belmobile.be/pages/reparation-switch-oled,85,1415,6.01%,10.9
https://belmobile.be/pages/reparation-galaxy-s20-plus,85,1261,6.74%,15.58
https://belmobile.be/pages/demande-devis-gratuit-reparation-panne,84,23587,0.36%,12.67
https://belmobile.be/pages/reparation-iphone-15,84,4179,2.01%,11.21
https://belmobile.be/pages/revendre-galaxy-z-flip4,84,3745,2.24%,13.18
https://belmobile.be/nl/pages/samsung-galaxy-s23-ultra-reparatie,83,2749,3.02%,16.86
https://belmobile.be/pages/reparation-galaxy-s21-fe,82,1725,4.75%,16.1
https://belmobile.be/pages/remplacement-batterie-iphone,81,10485,0.77%,18.26
https://belmobile.be/pages/reparation-galaxy-a22,77,2092,3.68%,15.82
https://belmobile.be/nl/products/pc-tablette-hybride-9-0-klipad-2-en-1-android-7-0,76,5074,1.5%,17.06
https://belmobile.be/pages/reparation-galaxy-note-20-ultra,76,1234,6.16%,17.26
https://belmobile.be/pages/reparation-samsung-galaxy-tab-s8-plus,76,834,9.11%,20.93
https://belmobile.be/pages/reparation-ecran-iphone-bruxelles,75,16278,0.46%,9.94
https://belmobile.be/pages/reparation-ipad-air-5,75,2939,2.55%,30.47
https://belmobile.be/nl/pages/reparation-samsung-galaxy-watch-4-classic,74,3965,1.87%,23.21
https://belmobile.be/pages/reparation-iphone-15-plus,74,2097,3.53%,10.71
https://belmobile.be/pages/reparation-iphone-schaerbeek,73,5811,1.26%,10.36
https://belmobile.be/pages/revendre-iphone-12-pro-max,70,4493,1.56%,16.09
https://belmobile.be/pages/reparation-galaxy-a70,70,3208,2.18%,16.64
https://belmobile.be/nl/pages/reparation-playstation-4-slim-ps4-pro,69,17992,0.38%,34.06
https://belmobile.be/pages/reparation-galaxy-s8-plus,68,13845,0.49%,37.73
https://belmobile.be/nl/pages/iphone-se-2022-reparatie,68,6739,1.01%,34.54
https://belmobile.be/pages/reparation-samsung-galaxy-tab-s7,67,1521,4.4%,22.83
https://belmobile.be/pages/reparation-galaxy-s20-ultra,66,1065,6.2%,12.81
https://belmobile.be/pages/reparation-tablette-bruxelles,65,4563,1.42%,13.14
https://belmobile.be/pages/reparation-p20,65,4182,1.55%,27.03
https://belmobile.be/pages/reparation-samsung-galaxy-tab-a7,65,1911,3.4%,16.72
https://belmobile.be/pages/reparation-iphone-molenbeek,64,7456,0.86%,8.89
https://belmobile.be/pages/reparation-connecteur-iphone,64,5990,1.07%,11.19
https://belmobile.be/pages/revendre-iphone-16-pro-max,64,1487,4.3%,10.41
https://belmobile.be/pages/reparation-samsung-galaxy-tab-s6-lite,63,740,8.51%,10.39
https://belmobile.be/nl/collections/gsm-mobiele-telefoon,62,48109,0.13%,36.51
https://belmobile.be/nl/pages/gsm-inkoop-brussel,61,3907,1.56%,42.08
https://belmobile.be/pages/reparation-samsung-galaxy-a33,61,1820,3.35%,10.15
https://belmobile.be/pages/reparation-samsung-galaxy-tab-s7-fe,61,1629,3.74%,17.24
https://belmobile.be/pages/reparation-iphone-16-pro-max,60,3279,1.83%,9.57
https://belmobile.be/nl/pages/reparation-samsung-galaxy-tab-s6-lite,60,1792,3.35%,53.18
https://belmobile.be/nl/products/gsm-nokia-new-3310-3g,59,19425,0.3%,20.83
https://belmobile.be/pages/revendre-galaxy-s22-ultra,58,4071,1.42%,23.16
https://belmobile.be/pages/reparation-samsung-galaxy-tab-s5-e,58,2724,2.13%,33.23
https://belmobile.be/nl/pages/samsung-galaxy-a53-reparatie,58,1905,3.04%,18.84
https://belmobile.be/pages/reparation-iphone-15-pro-max,58,1774,3.27%,11.11
https://belmobile.be/pages/jobs,58,1529,3.79%,24.46
https://belmobile.be/nl/pages/reparation-sony-playstation-bruxelles,57,12746,0.45%,37.2
https://belmobile.be/nl/pages/iphone-14-pro-verkopen,57,11527,0.49%,44.91
https://belmobile.be/nl/pages/reparation-samsung-galaxy-tab-s7-fe,57,2553,2.23%,33.62
https://belmobile.be/pages/revendre-iphone-xr,55,5718,0.96%,21.58
https://belmobile.be/nl/pages/revendre-ordinateur-pc-portable,55,2841,1.94%,47.76
https://belmobile.be/pages/reparation-samsung-galaxy-a13,54,2718,1.99%,13.2
https://belmobile.be/products/sony-cyber-shot-dsc-w610-14-1-mp-digital-camera-4x-zoom,53,5770,0.92%,19.06
https://belmobile.be/pages/reparation-samsung-galaxy-tab-s6,52,1391,3.74%,48.35
https://belmobile.be/pages/ups-access-point-belmobile-be,51,41278,0.12%,10.94
https://belmobile.be/products/leason-ls-126-wifi-fpv-camera-2-4g-33cm-rc-drone-quadcopter-ufo-drone-b-w,50,3113,1.61%,8.61
https://belmobile.be/nl/pages/iphone-scherm-reparatie-brussel,49,6410,0.76%,53.34
https://belmobile.be/pages/revendre-iphone-13-mini,49,4273,1.15%,15.19
https://belmobile.be/pages/reparation-galaxy-a32,49,1388,3.53%,9.89
https://belmobile.be/nl/pages/computer-reparatie-brussel,48,9050,0.53%,45.07
https://belmobile.be/nl/products/innovio-3000-hd-fta-full-hd-recepteur-satellite-numerique,48,661,7.26%,24.84
https://belmobile.be/collections/coques-et-housses,47,9870,0.48%,47.12
https://belmobile.be/nl/products/pc-portable-hp-hq-tre-71025,47,3451,1.36%,16.52
https://belmobile.be/pages/recuperation-donnees-iphone,47,2134,2.2%,28.43
https://belmobile.be/products/telecommande-universelle-6-en-1-chunghop-rm-l677e-vcr-dvd-tv-sat-cbl-aux,47,870,5.4%,11.81
https://belmobile.be/products/recepteur-satellite-full-hd-sunny-at-15100-smart-box-android,46,2213,2.08%,16.6
https://belmobile.be/pages/reparation-samsung-galaxy-a03s,46,1695,2.71%,12.11
https://belmobile.be/pages/reparation-samsung-galaxy-s21-plus,46,1375,3.35%,26.96
https://belmobile.be/pages/reparation-samsung-galaxy-tab-s7-plus,45,336,13.39%,10.29
https://belmobile.be/nl/pages/iphone-13-verkopen,44,15978,0.28%,37.06
https://belmobile.be/collections/protections-decran,44,4002,1.1%,45.93
https://belmobile.be/nl/pages/verkopen-iphone-brussel,43,33041,0.13%,45.55
https://belmobile.be/products/gsm-nokia-new-3310-3g,43,13226,0.33%,13.17
https://belmobile.be/pages/revendre-galaxy-z-flip-5g,43,637,6.75%,13.3
https://belmobile.be/pages/reparation-mate-20-lite,42,2665,1.58%,30.78
https://belmobile.be/products/boitier-android-4k-ultrahd-formuler-z-plus-wifi-iptv-vod,42,2127,1.97%,16.16
https://belmobile.be/pages/reparation-galaxy-a21s,41,2167,1.89%,21.04
https://belmobile.be/pages/reparation-huawei-p20-pro,41,1553,2.64%,36.36
https://belmobile.be/pages/revendre-galaxy-s21,41,1330,3.08%,14.55
https://belmobile.be/pages/reparation-samsung-galaxy-z-fold2,41,850,4.82%,9.3
https://belmobile.be/pages/revendre-iphone-xs,40,2810,1.42%,20.67
https://belmobile.be/pages/revendre-tablette,40,574,6.97%,14.7
https://belmobile.be/pages/reparation-ipad-8,39,3223,1.21%,19.33
https://belmobile.be/pages/revendre-iphone-13-pro,39,2049,1.9%,16.66
https://belmobile.be/nl/pages/samsung-galaxy-s23-ultra-verkopen,39,1458,2.67%,17.72
https://belmobile.be/pages/reparation-galaxy-note-10-plus,39,1113,3.5%,21.92
https://belmobile.be/nl/pages/smartphone-verkopen,38,3325,1.14%,44.72
https://belmobile.be/pages/reparation-xiaomi-13,38,1246,3.05%,9.39
https://belmobile.be/nl/pages/reparation-samsung-galaxy-tab-a7,37,2157,1.72%,23.32
https://belmobile.be/products/radio-internet-bluetooth-connect-120-dab-wi-fi-dab-fm-rds-usb-mp3-marron,37,1422,2.6%,26.05
https://belmobile.be/products/vizyon-5000-hd-recepteur-satellite-numerique-full-hdtv,37,605,6.12%,9.12
https://belmobile.be/nl/pages/reparation-playstation-3-ps3-slim,36,6512,0.55%,22.31
https://belmobile.be/products/eid-lecteur-de-carte-didentite-usb-tax-on-web-acr38-zetes,36,3435,1.05%,35.8
https://belmobile.be/nl/pages/samsung-galaxy-a34-reparatie,36,1289,2.79%,14.73
https://belmobile.be/pages/reparation-galaxy-a41,36,1259,2.86%,17.02
https://belmobile.be/pages/reparation-mi-11-pro,36,820,4.39%,10.66
https://belmobile.be/pages/reparation-ipad-pro-10-5-2017,36,719,5.01%,14.6
https://belmobile.be/pages/reparation-samsung-galaxy-tab-4-7-0,35,3559,0.98%,34.6
https://belmobile.be/pages/reparation-galaxy-a40,35,2525,1.39%,34.1
https://belmobile.be/pages/reparation-galaxy-s10e,35,1182,2.96%,30.23
https://belmobile.be/pages/reparation-samsung-galaxy-a55,35,873,4.01%,8.37
https://belmobile.be/pages/recyclage-iphone,34,7642,0.44%,26.51
https://belmobile.be/nl/pages/samsung-galaxy-s21-plus-reparatie,34,7443,0.46%,32.16
https://belmobile.be/pages/revendre-galaxy-z-fold,34,763,4.46%,17.42
https://belmobile.be/products/enseigne-lumineuse-en-led-publicitaire-100-x-20cm-interieur-rouge,33,21608,0.15%,44.44
https://belmobile.be/nl/pages/iphone-15-pro-max-verkopen,33,3795,0.87%,42.37
https://belmobile.be/pages/reparation-samsung-galaxy-tab-a7-lite,33,1033,3.19%,12.62
https://belmobile.be/products/enceintes-bluetooth-sans-fil-musyl-mu-001-wireless-portable,33,774,4.26%,5.53
https://belmobile.be/pages/reparation-mac-bruxelles,32,11720,0.27%,16.57
https://belmobile.be/pages/revendre-iphone-12-mini,32,3207,1%,14.06
https://belmobile.be/nl/pages/reparation-samsung-galaxy-tab-a7-lite,32,2251,1.42%,28.98
https://belmobile.be/nl/products/tiger-star-dvb-s-s2-top-box-m1-full-hd-recepteur-satellite-numerique,32,440,7.27%,9.13
https://belmobile.be/products/innovio-3000-hd-fta-full-hd-recepteur-satellite-numerique,32,428,7.48%,10.2
https://belmobile.be/pages/revendre-iphone-11-pro-max,31,3871,0.8%,18.9
https://belmobile.be/pages/reparation-ipad-9,31,1311,2.36%,13
https://belmobile.be/nl/pages/samsung-galaxy-a23-reparatie,31,648,4.78%,13.27
https://belmobile.be/nl/pages/redmi-note-12-reparatie,31,465,6.67%,6.81
https://belmobile.be/nl/pages/inkoop-ipad-brussel,30,26157,0.11%,41.61
https://belmobile.be/nl/pages/iphone-reparatie-brussel,30,6179,0.49%,60.6
https://belmobile.be/pages/reparation-samsung-galaxy-a20e,30,1510,1.99%,25.61
https://belmobile.be/pages/reparation-iphone-16-pro,30,736,4.08%,13.07
https://belmobile.be/pages/revendre-galaxy-a52,30,608,4.93%,20.99
https://belmobile.be/nl/pages/smartphone-reparatie-brussel,29,9260,0.31%,62.43
https://belmobile.be/nl/pages/samsung-galaxy-s21-ultra-reparatie,29,4998,0.58%,34.71
https://belmobile.be/pages/desoxydation-smartphone-bruxelles,29,3696,0.78%,34.51
https://belmobile.be/pages/reparation-galaxy-a10,29,2420,1.2%,28.46
https://belmobile.be/pages/reparation-galaxy-s7-edge,28,8933,0.31%,57.82
https://belmobile.be/nl/pages/groothandel-iphone-onderdelen-brussel,28,2992,0.94%,34.17
https://belmobile.be/products/smartwatch-pro-avec-carte-sim-et-appareil-photo,28,1144,2.45%,15.55
https://belmobile.be/pages/revendre-galaxy-s10,27,1324,2.04%,13.9
https://belmobile.be/pages/reparation-galaxy-note-9,27,719,3.76%,31.26
https://belmobile.be/pages/reparation-ipad-air-4,27,540,5%,12.51
https://belmobile.be/products/medialink-ml7000-eco-iptv-h265-smarthome,27,470,5.74%,18.51
https://belmobile.be/pages/contactez-nous,26,5469,0.48%,3.34
https://belmobile.be/pages/reparation-macbook-air-m2,26,1375,1.89%,26.86
https://belmobile.be/pages/reparation-mate-20-pro,26,782,3.32%,23.42
https://belmobile.be/nl/pages/rachat-macbook-bruxelles,25,21087,0.12%,37.35
https://belmobile.be/nl/pages/galaxy-s22-ultra-verkopen,25,2273,1.1%,21.39
https://belmobile.be/pages/revendre-huawei,25,1203,2.08%,24.63
https://belmobile.be/pages/reparation-samsung-galaxy-a73,25,984,2.54%,13.07
https://belmobile.be/collections/destockage,25,592,4.22%,22.59
https://belmobile.be/nl/collections/iphone-occasion-bruxelles,24,5801,0.41%,47.84
https://belmobile.be/nl/pages/samsung-galaxy-s23-verkopen,24,3332,0.72%,44.65
https://belmobile.be/nl/pages/uw-high-tech-apparaten-cash-verkopen-brussel,24,2634,0.91%,55.95
https://belmobile.be/nl/pages/reparation-samsung-galaxy-tab-s7-plus,24,145,16.55%,11.5
https://belmobile.be/pages/reparation-iphone-bruxelles,23,12654,0.18%,15.25
https://belmobile.be/products/trekstor-surftab-twin-3g-2-go-ram-32-go-wi-fi-windows-11-6-hd-display,23,1327,1.73%,23.98
https://belmobile.be/pages/revendre-galaxy-z-flip3,23,971,2.37%,11.96
https://belmobile.be/products/televiseur-moniteur-19-led-hd-smart-tv-linsar-19led900-usb,23,964,2.39%,16.62
https://belmobile.be/pages/reparation-ipad-mini-4,23,658,3.5%,35.83
https://belmobile.be/products/vizyon-7700-hd-se-plus-full-hdtv-recepteur-satellite-lan-pvr-usb,23,561,4.1%,8.77
https://belmobile.be/pages/reparation-samsung-galaxy-tab-s2-9-7,22,1259,1.75%,35.35
https://belmobile.be/pages/revendre-p30-pro,22,1247,1.76%,15.52
https://belmobile.be/pages/activation-sim,21,4249,0.49%,29.36
https://belmobile.be/nl/pages/iphone-se-2020-reparatie,21,4185,0.5%,30.29
https://belmobile.be/nl/pages/galaxy-s22-verkopen,21,3077,0.68%,26.83
https://belmobile.be/pages/revendre-galaxy-s23-plus,21,2731,0.77%,31.71
https://belmobile.be/nl/pages/reparation-samsung-galaxy-tab-a8-10-5-2021,21,1548,1.36%,34.29
https://belmobile.be/products/microphone-wster-ws-858-sans-fil-bluetooth-karaoke-et-haut-parleur-hi-fi,21,1430,1.47%,12.67
https://belmobile.be/nl/products/radio-internet-bluetooth-connect-120-dab-wi-fi-dab-fm-rds-usb-mp3-marron,21,1070,1.96%,13.67
https://belmobile.be/products/zte-mf910-modem-lte-4g-wifi-hotspot-win-mac-linux-android,21,979,2.15%,27.16
https://belmobile.be/products/televiseur-24-led-hd-smart-tv-linsar-24led900-usb-internet,21,897,2.34%,13.04
https://belmobile.be/products/support-voiture-durata-magnetique-360-pour-smartphone,21,561,3.74%,16.48
https://belmobile.be/pages/reparation-xbox-360-bruxelles,21,465,4.52%,44.73
https://belmobile.be/products/chargeur-compatible-apple-macbook-45w-60w-85w-magsafe-1-2,20,5024,0.4%,34.55
https://belmobile.be/blogs/blog-high-tech/reparation-message-erreur-ecran-batterie-iphone-bruxelles,20,3087,0.65%,8.93
https://belmobile.be/nl/pages/galaxy-s21-verkopen,20,2369,0.84%,26.31
https://belmobile.be/pages/revendre-iphone-14-plus,20,1747,1.14%,23.02
https://belmobile.be/pages/reparation-samsung-galaxy,20,1406,1.42%,16.65
https://belmobile.be/products/devis-reservation-iphone-15-pro-max,20,773,2.59%,28.96
https://belmobile.be/nl/pages/samsung-galaxy-a33-reparatie,20,595,3.36%,22.64
https://belmobile.be/pages/reparation-poco-x5-pro,20,417,4.8%,9.31
https://belmobile.be/pages/reparation-ipad-pro-12-9-2022,20,335,5.97%,7.43
https://belmobile.be/products/mini-gsm-bm-m10?variant=21491957039168&country=BE&currency=EUR&utm_medium=product_sync&utm_source=google&utm_content=sag_organic&utm_campaign=sag_organic,20,119,16.81%,3.39
https://belmobile.be/pages/tempo-orange-belmobile-be,19,6910,0.27%,17.23
https://belmobile.be/nl/products/samsung-bd-j5500r-lecteur-blu-ray-dvd-3d-dlna,19,3406,0.56%,31.35
https://belmobile.be/pages/reparation-galaxy-a20,19,1507,1.26%,17
https://belmobile.be/nl/pages/reparation-galaxy-tab-s8-ultra,19,735,2.59%,60.25
https://belmobile.be/nl/pages/iphone-verkopen,18,9542,0.19%,60.32
https://belmobile.be/nl/collections/smartphone-pas-cher-bruxelles,18,5518,0.33%,36.97
https://belmobile.be/nl/pages/winkel-informatica-brussel,18,5291,0.34%,25.13
https://belmobile.be/nl/pages/huawei-reparatie-brussel,18,3009,0.6%,39.6
https://belmobile.be/pages/reparation-p-smart-pro-2019,18,1705,1.06%,37.35
https://belmobile.be/pages/reparations-pc-portable-laptop,18,1599,1.13%,41.59
https://belmobile.be/pages/reparation-galaxy-a72,18,518,3.47%,13.46
https://belmobile.be/pages/revendre-galaxy-s21-ultra,18,436,4.13%,11.53
https://belmobile.be/pages/reprise-iphone-bruxelles,17,4902,0.35%,23.1
https://belmobile.be/products/xiaomi-mi-m365-scooter-trottinette-electrique-pliable-eabs,17,4369,0.39%,47.29
https://belmobile.be/nl/pages/galaxy-z-flip4-verkopen,17,2707,0.63%,44.05
https://belmobile.be/nl/pages/iphone-12-mini-reparatie,17,1737,0.98%,24.1
https://belmobile.be/products/enceintes-haut-parleur-bluetooth-sans-fil-lesenz-wireless-portable,17,954,1.78%,35.99
https://belmobile.be/pages/revendre-galaxy-a51,17,571,2.98%,10.48
https://belmobile.be/products/hp-240-g9-occasion,17,299,5.69%,9.78
https://belmobile.be/pages/revendre-samsung-galaxy-a54,17,267,6.37%,7.84
https://belmobile.be/pages/reparation-samsung-galaxy-s22-plus,17,237,7.17%,23.92
https://belmobile.be/pages/reparation-galaxy-tab-s8-ultra,17,214,7.94%,14.13
https://belmobile.be/nl/pages/iphone-14-pro-max-verkopen,16,2343,0.68%,46.44
https://belmobile.be/products/film-de-protection-ecran-en-verre-trempe-pour-samsung-galaxy,16,2258,0.71%,21.49
https://belmobile.be/nl/pages/samsung-galaxy-s22-plus-reparatie,16,2071,0.77%,51.89
https://belmobile.be/pages/reparation-samsung-galaxy-tab-s4-10-5,16,1298,1.23%,45.5
https://belmobile.be/pages/reparation-mate-10-pro,16,993,1.61%,46.99
https://belmobile.be/pages/reparation-galaxy-note-20,16,271,5.9%,13.02
https://belmobile.be/nl/pages/iphone-12-mini-verkopen,15,15186,0.1%,35.3
https://belmobile.be/products/samsung-galaxy-tab-a6-sm-t285-7-8gb-lte-4g,15,7963,0.19%,21.61
https://belmobile.be/nl/blogs/hightech-blog/apple-iphone-14-pro-max-vaut-il-la-peine-dacheter,15,2704,0.55%,33.28
https://belmobile.be/pages/revendre-galaxy-s9-plus,15,1632,0.92%,16.19
https://belmobile.be/products/console-mini-nes-nintendo-classic-30-jeux,15,1049,1.43%,47.62
https://belmobile.be/pages/revendre-iphone-15-plus,15,954,1.57%,28.6
https://belmobile.be/pages/reparation-ipad-pro-11-2018,15,247,6.07%,11.26
https://belmobile.be/pages/reparation-galaxy-s7,14,1730,0.81%,56.51
https://belmobile.be/pages/reparation-ordinateur,14,1169,1.2%,41.17
https://belmobile.be/products/hoverboard-scooter-smart-board-electrique-auto-equilibrage-6-5-pouces-bluetooth-bleu,14,987,1.42%,35.46
https://belmobile.be/nl/pages/iphone-13-pro-max-reparatie,14,535,2.62%,15.46
https://belmobile.be/pages/reparation-samsung-galaxy-watch-5-pro,14,278,5.04%,8.96
https://belmobile.be/pages/reparation-mi-11,14,252,5.56%,12.67
https://belmobile.be/pages/reparation-ipad-pro-11-2022,14,236,5.93%,10.24
https://belmobile.be/pages/reparation-imac-24-m1,14,215,6.51%,19.16
https://belmobile.be/pages/scarlet,13,20547,0.06%,37.61
https://belmobile.be/collections/batteries-externes,13,12521,0.1%,42.49
https://belmobile.be/products/samsung-chargeur-rapide-original-type-c,13,6351,0.2%,27.58
https://belmobile.be/products/support-mural-a-bras-pour-tv-lcd-led-plasma-14-55-pivotant-180,13,2368,0.55%,34.63
https://belmobile.be/pages/reparation-apple-iphone,13,2017,0.64%,24.41
https://belmobile.be/products/support-voiture-universel-rotatif-grille-de-ventilation-pour-smartphone,13,1643,0.79%,29.42
https://belmobile.be/collections/telephones,13,1634,0.8%,7.22
https://belmobile.be/nl/pages/iphone-15-pro-verkopen,13,1438,0.9%,54.94
https://belmobile.be/nl/products/blackberry-9720-pink,13,1311,0.99%,20.72
https://belmobile.be/pages/reparation-y9-prime-2019,13,1292,1.01%,14.36
https://belmobile.be/nl/pages/reparation-nintendo-bruxelles,13,879,1.48%,31.98
https://belmobile.be/pages/reparation-macbook-air-m1,13,731,1.78%,26.3
https://belmobile.be/pages/reparation-redmi-11a,13,392,3.32%,11.07
https://belmobile.be/nl/pages/reparation-iphone-16-plus,13,335,3.88%,12.54
https://belmobile.be/nl/products/vizyon-5000-hd-recepteur-satellite-numerique-full-hdtv,13,152,8.55%,18.65
https://belmobile.be/products/pc-portable-grundig-4gb-ram-320go-reconditionne,13,152,8.55%,24.13
https://belmobile.be/nl/products/samsung-galaxy-tab-a6-sm-t280-7-8gb-wifi,12,2878,0.42%,18.59
https://belmobile.be/nl/pages/iphone-12-pro-max-reparatie,12,2650,0.45%,28.75
https://belmobile.be/nl/pages/iphone-reparatie-anderlecht,12,1082,1.11%,22.41
https://belmobile.be/pages/revendre-p30,12,766,1.57%,12.32
https://belmobile.be/products/casque-ecouteurs-bluetooth-stn-10-super-bass-avec-micro-sans-fil-noir,12,720,1.67%,25.11
https://belmobile.be/products/pc-portable-hp-elitebook-755-g5,12,604,1.99%,21.04
https://belmobile.be/pages/reparation-ipad,12,567,2.12%,17.97
https://belmobile.be/products/lecteur-mp3-cd-usb-auna-mc-120-stereo-chaine-hi-fi,12,438,2.74%,12.71
https://belmobile.be/pages/reparation-p40-pro,12,180,6.67%,20.35
https://belmobile.be/pages/reparation-galaxy-note-10,12,179,6.7%,18.97
https://belmobile.be/pages/reparation-ipad-mini-5,12,102,11.76%,19.17
https://belmobile.be/products/samsung-galaxy-s8-plus-64gb-noir,11,9727,0.11%,27.26
https://belmobile.be/products/gsm-lg-g360-clapet-double-sim-red,11,3560,0.31%,28.56
https://belmobile.be/pages/revendre-iphone-xs-max,11,2344,0.47%,26.05
https://belmobile.be/pages/revendre-iphone-11-pro,11,2227,0.49%,24.69
https://belmobile.be/nl/pages/mac-reparatie-brussel,11,1915,0.57%,33.89
https://belmobile.be/products/alcatel-one-touch-pop-7-p310x,11,1785,0.62%,20.69
https://belmobile.be/nl/pages/galaxy-z-flip4-reparatie,11,995,1.11%,47.38
https://belmobile.be/pages/reparation-galaxy-note-8,11,968,1.14%,40.63
https://belmobile.be/products/medialink-ml8100-iptv-android-4k-full-uhd-60fps,11,877,1.25%,28.9
https://belmobile.be/products/vitre-tactile-de-remplacement-pour-ipad-qualite-aaa,11,689,1.6%,27.64
https://belmobile.be/products/gsm-itel-it2110-orange-dual-sim,11,675,1.63%,10.2
https://belmobile.be/products/enceintes-haut-parleur-cmik-mk-2009-bluetooth-lecteur-usb-sd-radio-fm-am-oem,11,630,1.75%,14.36
https://belmobile.be/pages/reparation-galaxy-a31,11,360,3.06%,11.71
https://belmobile.be/nl/products/medialink-ml8100-iptv-android-4k-full-uhd-60fps,11,355,3.1%,16.19
https://belmobile.be/nl/products/lg-dp542h-lecteur-dvd-player-fullhd-1080p-usb-xvid-noir,11,317,3.47%,15.77
https://belmobile.be/pages/reparation-samsung-galaxy-tab-a-10-1-2019,11,252,4.37%,26.5
https://belmobile.be/pages/reparation-galaxy-s8,11,249,4.42%,36.02
https://belmobile.be/nl/pages/avis-des-clients,11,231,4.76%,10.01
https://belmobile.be/nl/products/zte-mf910-modem-lte-4g-wifi-hotspot-win-mac-linux-android,11,224,4.91%,13.53
https://belmobile.be/nl/pages/samsung-scherm-reparatie-brussel,10,5245,0.19%,47.59
https://belmobile.be/products/apple-iphone-8-64gb-noir,10,5150,0.19%,29.32
https://belmobile.be/nl/products/mini-clavier-bluetooth-azerty-sans-fil-2-4g-pour-pc-mac-ios,10,3047,0.33%,43.94
https://belmobile.be/products/apple-iphone-se-2016-32gb-noir?variant=40508703801423&country=BE&currency=EUR&utm_medium=product_sync&utm_source=google&utm_content=sag_organic&utm_campaign=sag_organic,10,2335,0.43%,17.54
https://belmobile.be/products/pc-portable-lenovo-ideapad-3-15ada05,10,1941,0.52%,22.52
https://belmobile.be/pages/reparation-tablette,10,1811,0.55%,22.61
https://belmobile.be/pages/reparation-smartphone,10,1319,0.76%,25.93
https://belmobile.be/products/rixus-lecteur-de-voiture-fm-bluetooth-rx-bt02,10,1177,0.85%,14.88
https://belmobile.be/pages/revendre-galaxy-s20-plus,10,1163,0.86%,13.85
https://belmobile.be/nl/pages/reparation-samsung-galaxy-watch-5-pro,10,496,2.02%,21.23
https://belmobile.be/pages/reparation-samsung-galaxy-a24,10,445,2.25%,11.26
https://belmobile.be/products/pc-portable-toshiba-satellite-c660-1j2,10,398,2.51%,24.02
https://belmobile.be/products/telephone-fixe-telefunken-tb-201-peps-solo,10,319,3.13%,25.36
https://belmobile.be/pages/reparation-ipad-mini-6,10,300,3.33%,17.5
https://belmobile.be/pages/revendre-samsung-galaxy-a15,10,197,5.08%,11.65
https://belmobile.be/products/casque-sans-fil-remax-300hb-controle-tactile-de-bluetooth,10,184,5.43%,18.4
https://belmobile.be/products/enceintes-bluetooth-sans-fil-jhw-v621-wireless-portable,10,123,8.13%,6.52
https://belmobile.be/pages/revendre-galaxy-a71,10,112,8.93%,11.82
https://belmobile.be/nl/blogs/hightech-blog/10-astuces-pour-booster-les-performances-de-votre-ordinateur-lent,9,4359,0.21%,55.2
https://belmobile.be/products/blackberry-curve-8520-black-grade-a,9,4250,0.21%,30.57
https://belmobile.be/products/adaptateur-universel-avec-13-connecteurs-differents-yt-120w-zd-pour-ordinateur-portable,9,3638,0.25%,21.43
https://belmobile.be/collections/chargeurs-et-cables,9,2693,0.33%,43.73
https://belmobile.be/products/adaptateur-micro-usb-vers-usb-type-c-blanc,9,2352,0.38%,20.32
https://belmobile.be/products/ordinateurs-detachables-hp-elite-x2-hp-elite-x2-1013-g3-reconditionne,9,1710,0.53%,27.24
https://belmobile.be/nl/pages/samsung-galaxy-a13-reparatie,9,1310,0.69%,51.84
https://belmobile.be/nl/pages/iphone-13-mini-reparatie,9,1278,0.7%,49.99
https://belmobile.be/nl/pages/iphone-moederbord-microsolderen-brussel,9,1065,0.85%,30.86
https://belmobile.be/nl/pages/reparation-samsung-galaxy-tab-active3,9,1040,0.87%,48.97
https://belmobile.be/pages/revendre-galaxy-z-fold3,9,969,0.93%,15.35
https://belmobile.be/pages/revendre-galaxy-s20-fe,9,705,1.28%,14.72
https://belmobile.be/nl/pages/iphone-reparatie-brussel-stad,9,656,1.37%,35.35
https://belmobile.be/pages/reparation-galaxy-a30s,9,470,1.91%,27.14
https://belmobile.be/nl/collections/tv-home-cinema/recepteurs-iptv,9,467,1.93%,17.57
https://belmobile.be/pages/reparation-samsung-galaxy-tab-s3-9-7,9,339,2.65%,51.79
https://belmobile.be/pages/reparation-galaxy-a02s,9,318,2.83%,19.53
https://belmobile.be/pages/revendre-galaxy-a50,9,259,3.47%,11.18
https://belmobile.be/nl/products/boitier-android-4k-ultrahd-formuler-z-plus-wifi-iptv-vod,9,253,3.56%,26.48
https://belmobile.be/nl/pages/redmi-10-reparatie,9,210,4.29%,10.86
https://belmobile.be/pages/revendre-galaxy-note-10,9,172,5.23%,20.45
https://belmobile.be/pages/reparation-ipad-air-3,9,157,5.73%,11.44
https://belmobile.be/pages/reparation-mi-11-lite,9,118,7.63%,10.84
https://belmobile.be/products/gsm-samsung-e1200,8,5532,0.14%,41.97
https://belmobile.be/products/clavier-azerty-fr-smart-usb-pc-laptop-windows-mac,8,4626,0.17%,35.11
https://belmobile.be/collections/enceintes-et-haut-parleurs,8,4362,0.18%,64.79
https://belmobile.be/products/xiaomi-redmi-note-11-128go-occasion,8,3080,0.26%,20.48
https://belmobile.be/pages/revendre-iphone-se-2022,8,2507,0.32%,21.34
https://belmobile.be/collections/tablettes,8,2414,0.33%,40.29
https://belmobile.be/products/gsm-nokia-216,8,1432,0.56%,22.07
https://belmobile.be/products/pc-portable-acer-aspire-e15,8,1421,0.56%,14.94
https://belmobile.be/nl/pages/aanvraag-gratis-offerte-reparatie,8,1312,0.61%,82.33
https://belmobile.be/products/stick-3g-hspa-wifi-modem-dongle-usb-win-mac-linux-android,8,1207,0.66%,26.16
https://belmobile.be/pages/revendre-galaxy-s20-ultra,8,1149,0.7%,14.59
https://belmobile.be/pages/revendre-iphone-12,8,1045,0.77%,17.49
https://belmobile.be/products/pc-portable-toshiba-satellite-c870-1ge,8,879,0.91%,13.98
https://belmobile.be/products/pack-combo-kit-4-cameras-de-surveillance-enregistreur-hd,8,666,1.2%,45.08
https://belmobile.be/products/lecteur-cd-mp3-oneconcept-v13-bt-chaine-hi-fi-stereo-bluetooth-usb-radio,8,371,2.16%,12.5
https://belmobile.be/nl/pages/galaxy-s9-verkopen,8,365,2.19%,29.71
https://belmobile.be/collections/enceintes-et-haut-parleurs?page=3,8,362,2.21%,38.38
https://belmobile.be/pages/revendre-p20,8,264,3.03%,12.42
https://belmobile.be/pages/envoyer-appareil-vendre-recycler,8,137,5.84%,20.68
https://belmobile.be/pages/revendre-galaxy-a70,8,132,6.06%,10.02
https://belmobile.be/products/tiger-star-dvb-s-s2-top-box-m1-full-hd-recepteur-satellite-numerique?variant=25403885420608&country=BE&currency=EUR&utm_medium=product_sync&utm_source=google&utm_content=sag_organic&utm_campaign=sag_organic,8,39,20.51%,3.85
https://belmobile.be/pages/f-a-q-questions-frequentes,7,9598,0.07%,8.98
https://belmobile.be/nl/pages/revendre-apple-watch,7,4908,0.14%,42.65
https://belmobile.be/nl/products/batterie-de-remplacement-interne-pour-iphone-qualite-aaa,7,4366,0.16%,43.35
https://belmobile.be/nl/products/blackberry-curve-8520-black-grade-b,7,2955,0.24%,19.77
https://belmobile.be/products/apple-iphone-se-2016-32gb-noir,7,2768,0.25%,40.45
https://belmobile.be/nl/pages/galaxy-a02s-verkopen,7,2665,0.26%,40.16
https://belmobile.be/products/adaptateur-apple-lightning-vers-jack-3-5-mm,7,2177,0.32%,27.96
https://belmobile.be/products/google-pixel-8-128-go-noir-grade-a,7,2128,0.33%,35.82
https://belmobile.be/products/vitre-protection-ecran-verre-trempe-iphone-xs-max-xr-8-7-6,7,1914,0.37%,32.7
https://belmobile.be/nl/pages/galaxy-a52-verkopen,7,1680,0.42%,24.81
https://belmobile.be/products/gsm-nokia-105-dual-sim,7,1563,0.45%,25.44
https://belmobile.be/nl/pages/apple-watch-reparatie-brussel,7,1413,0.5%,43.38
https://belmobile.be/products/samsung-bd-j5500r-lecteur-blu-ray-dvd-3d-dlna,7,1336,0.52%,37.48
https://belmobile.be/products/pc-portable-asus-zenbook-ux305c,7,1238,0.57%,34.61
https://belmobile.be/nl/collections/refurbished-toestellen,7,1148,0.61%,51.05
https://belmobile.be/nl/products/smartwatch-pro-avec-carte-sim-et-appareil-photo,7,1131,0.62%,28.81
https://belmobile.be/pages/revendre-galaxy-s8,7,744,0.94%,15.7
https://belmobile.be/nl/blogs/hightech-blog/reparation-face-id-iphone-prix-bruxelles,7,557,1.26%,14.1
https://belmobile.be/pages/revendre-galaxy-a20,7,539,1.3%,16.95
https://belmobile.be/nl/pages/galaxy-a52-reparatie,7,528,1.33%,31.81
https://belmobile.be/products/mini-telephone-portable-noir-bluetooth-gtstar,7,523,1.34%,22.95
https://belmobile.be/products/pack-combo-cctv-kit-8-cameras-de-surveillance-enregistreur-hd,7,407,1.72%,35.85
https://belmobile.be/products/enceintes-haut-parleur-sans-fil-t-g-tg133-mini-portable-bluetooth,7,367,1.91%,20.96
https://belmobile.be/pages/reparation-macbook-pro-14-m2-pro-m2-max,7,345,2.03%,20.12
https://belmobile.be/nl/pages/reparation-samsung-galaxy-watch-3,7,317,2.21%,22.2
https://belmobile.be/pages/reparation-galaxy-note-10-lite,7,269,2.6%,27.75
https://belmobile.be/products/gsm-sonica-m1-dual-sim-card-2-camera-bluetooth,7,266,2.63%,15.34
https://belmobile.be/nl/pages/p30-verkopen,7,262,2.67%,22.94
https://belmobile.be/pages/reparation-iphone-16-plus,7,234,2.99%,10.39
https://belmobile.be/products/weibo-souris-optique-2-4ghz-fc-207usb-avec-cable,7,197,3.55%,6.07
https://belmobile.be/products/samsung-a52s-128go-occasion?variant=49239228481884&country=BE&currency=EUR&utm_medium=product_sync&utm_source=google&utm_content=sag_organic&utm_campaign=sag_organic,7,196,3.57%,6.62
https://belmobile.be/nl/products/televiseur-24-led-hd-smart-tv-linsar-24led900-usb-internet,7,174,4.02%,19.76
https://belmobile.be/pages/reparation-watch-series-8-45mm-bruxelles,7,149,4.7%,14.31
https://belmobile.be/products/pc-portable-acer-aspire-e15?variant=48903078707548&country=BE&currency=EUR&utm_medium=product_sync&utm_source=google&utm_content=sag_organic&utm_campaign=sag_organic,7,32,21.88%,2.69
https://belmobile.be/products/enceintes-bluetooth-sans-fil-soundlink-mini-portable-wireless?variant=24527326150720&country=BE&currency=EUR&utm_medium=product_sync&utm_source=google&utm_content=sag_organic&utm_campaign=sag_organic,7,30,23.33%,3.17
https://belmobile.be/products/innovio-3000-hd-fta-full-hd-recepteur-satellite-numerique?variant=25528655413312&country=BE&currency=EUR&utm_medium=product_sync&utm_source=google&utm_content=sag_organic&utm_campaign=sag_organic,7,28,25%,5.96
https://belmobile.be/products/samsung-galaxy-a6-plus-32gb-black,6,3762,0.16%,22.9
https://belmobile.be/products/adaptateur-300mbps-usb-wifi-sans-fil-antenne-externe,6,1894,0.32%,23.54
https://belmobile.be/products/refroidisseur-pc-portable-laptop-usb-cooler-9-17-silencieux,6,1680,0.36%,31.62
https://belmobile.be/pages/revendre-galaxy-s22-plus,6,1598,0.38%,18.24
https://belmobile.be/products/pc-portable-acer-chromebook-spin-cp513-1h-series,6,1244,0.48%,27.76
https://belmobile.be/nl/pages/samsung-galaxy-z-fold2-reparatie,6,1169,0.51%,41.51
https://belmobile.be/nl/pages/iphone-reparatie-schaerbeek,6,1118,0.54%,60
https://belmobile.be/products/powerbank-6000-mah-silvercrest-batterie-externe-portable,6,1004,0.6%,17.01
https://belmobile.be/nl/products/enceinte-haut-parleur-sans-fil-charge-3-portable-bluetooth,6,967,0.62%,38.23
https://belmobile.be/nl/products/stick-3g-hspa-wifi-modem-dongle-usb-win-mac-linux-android,6,947,0.63%,19.96
https://belmobile.be/pages/reparation-samsung-galaxy-tab-4-10-1,6,789,0.76%,32.86
https://belmobile.be/nl/pages/galaxy-s21-fe-verkopen,6,713,0.84%,50.55
https://belmobile.be/pages/choisissez-votre-appareil,6,541,1.11%,8.33
https://belmobile.be/nl/pages/reparation-samsung-galaxy-tab-s5-e,6,499,1.2%,41.48
https://belmobile.be/collections/occasions,6,468,1.28%,22.42
https://belmobile.be/products/alcatel-one-touch-pop-10-p360x-lte-8gb-black,6,465,1.29%,20.43
https://belmobile.be/products/toshiba-c50d-a-134-15-e1-2100-1-ghz-hdd-500-go-ram-6-go-reconditionne,6,439,1.37%,37.04
https://belmobile.be/pages/revendre-p30-lite,6,434,1.38%,16.03
https://belmobile.be/pages/reparation-macbook-air-13-2018-2020,6,380,1.58%,52.26
https://belmobile.be/products/aeg-mc-4447-ip-systeme-de-haut-parleurs-sans-fil-pour-apple-iphone-ipod,6,343,1.75%,43.01
https://belmobile.be/nl/pages/samsung-galaxy-a03s-reparatie,6,342,1.75%,31.34
https://belmobile.be/nl/products/televiseur-philips-5300-series-led-hd-80-cm-32-ultra-plat-smart-tv,6,327,1.83%,30.74
https://belmobile.be/products/duke-radio-cassette-retro-boombox-usb-mp3-sd-bluetooth-tuner-fm-rouge,6,317,1.89%,22.05
https://belmobile.be/products/x-series-drone-hexacopter-rc-x600-4ch-2-4-g-6-axis-3d-rouler-une-touche-retour,6,292,2.05%,20.96
https://belmobile.be/pages/revendre-galaxy-a10,6,229,2.62%,13.4
https://belmobile.be/pages/revendre-galaxy-s7,6,213,2.82%,16.52
https://belmobile.be/pages/reparation-samsung-galaxy-s23-plus,6,186,3.23%,16.37
https://belmobile.be/pages/reparation-samsung-watch,6,161,3.73%,12.58
https://belmobile.be/pages/revendre-mate-20-pro,6,159,3.77%,14.03
https://belmobile.be/nl/pages/huawei-verkopen,6,135,4.44%,34.1
https://belmobile.be/nl/pages/galaxy-z-flip-5g-verkopen,6,132,4.55%,15.24
https://belmobile.be/pages/reparation-p40-lite,6,122,4.92%,18.03
https://belmobile.be/products/pc-portable-toshiba-satellite-c870-1ge?variant=48902824427868&country=BE&currency=EUR&utm_medium=product_sync&utm_source=google&utm_content=sag_organic&utm_campaign=sag_organic,6,47,12.77%,3.28
https://belmobile.be/nl/pages/iphone-11-pro-verkopen,5,17672,0.03%,46.79
https://belmobile.be/nl/products/repetiteur-wifi-puissant-sans-fil-signal-amplificateur-range-extender-booster,5,14670,0.03%,48.2
https://belmobile.be/products/hp-spectre-pro-x360-13-core-i7-7500u-2-6-ghz-ssd-256-go-ram-8-gb,5,4282,0.12%,27.66
https://belmobile.be/products/samsung-chargeur-rapide-original-micro-usb,5,1946,0.26%,19.01
https://belmobile.be/products/samsung-galaxy-j6-2018-32gb-dual-sim-noir?variant=40508761112655&country=BE&currency=EUR&utm_medium=product_sync&utm_source=google&utm_content=sag_organic&utm_campaign=sag_organic,5,1827,0.27%,7.49
https://belmobile.be/products/pc-portable-lenovo-legion-5,5,1817,0.28%,25.47
https://belmobile.be/nl/products/pc-portable-asus-zenbook-ux305c,5,1092,0.46%,61.36
https://belmobile.be/pages/revendre-galaxy-s10-plus,5,874,0.57%,14.98
https://belmobile.be/nl/pages/verkopen,5,821,0.61%,71.15
https://belmobile.be/products/coque-batterie-jlw-x4-5500-mah-ultra-mince-pour-iphone-x,5,766,0.65%,20.67
https://belmobile.be/products/televiseur-philips-ultra-plat-4k-uhd-3d-led-wifi-neuf,5,766,0.65%,28.89
https://belmobile.be/collections/ordinateurs-belmobile-be,5,699,0.72%,9.19
https://belmobile.be/nl/products/lecteur-cd-mp3-oneconcept-v13-bt-chaine-hi-fi-stereo-bluetooth-usb-radio,5,586,0.85%,28.07
https://belmobile.be/nl/pages/reparation-playstation-5,5,536,0.93%,45.91
https://belmobile.be/products/samsung-galaxy-a55-enterprise-edition-bleu-nuit-5g-128-go,5,452,1.11%,10.92
https://belmobile.be/pages/reparation-samsung-tab,5,415,1.2%,21.77
https://belmobile.be/nl/products/powerbank-6000-mah-silvercrest-batterie-externe-portable,5,390,1.28%,40.45
https://belmobile.be/nl/pages/deblokkeren-iphone-brussel,5,373,1.34%,44.86
https://belmobile.be/nl/pages/redmi-note-12-pro-reparatie,5,357,1.4%,39.5
https://belmobile.be/nl/products/pc-portable-asus-rog-strix-g-g531,5,346,1.45%,26.73
https://belmobile.be/pages/revendre-galaxy-s23-fe,5,337,1.48%,19.19
https://belmobile.be/products/enceintes-haut-parleur-bluetooth-sans-fil-w-king-s20-portable-antichoc,5,330,1.52%,14.08
https://belmobile.be/nl/pages/samsung-galaxy-z-fold4-reparatie,5,263,1.9%,41.12
https://belmobile.be/nl/pages/iphone-13-pro-reparatie,5,260,1.92%,28.71
https://belmobile.be/pages/reparation-samsung-galaxy-tab-e-9-6,5,221,2.26%,26.88
https://belmobile.be/nl/products/telecommande-universelle-6-en-1-chunghop-rm-l677e-vcr-dvd-tv-sat-cbl-aux,5,198,2.53%,10.58
https://belmobile.be/nl/products/lecteur-mp3-cd-usb-auna-mc-120-stereo-chaine-hi-fi,5,193,2.59%,18.37
https://belmobile.be/pages/reparation-samsung-galaxy-watch-5,5,187,2.67%,10.2
https://belmobile.be/nl/pages/reparatie-gameconsole,5,160,3.12%,17.69
https://belmobile.be/nl/products/zte-blade-l210-4g-32gb-bleu,5,156,3.21%,7.49
https://belmobile.be/products/samsung-a52s-128go-occasion,5,154,3.25%,10.56
https://belmobile.be/products/rouleau-de-5m-led-strip-230v-50-60hz-blanc-froid,5,152,3.29%,10.95
https://belmobile.be/nl/products/pc-portable-toshiba-satellite-c870-1ge,5,142,3.52%,25.28
https://belmobile.be/pages/reparation-poco-x5,5,108,4.63%,7.47
https://belmobile.be/pages/reparation-galaxy-tab-s8,5,107,4.67%,13.76
https://belmobile.be/pages/revendre-galaxy-a22,5,95,5.26%,27.26
https://belmobile.be/pages/reparation-galaxy-s9-plus,5,94,5.32%,9.7
https://belmobile.be/pages/reparation-ipad-pro-9-7-2015,5,67,7.46%,12.7
https://belmobile.be/products/telecommande-remote-control-pour-mag-250-254-255-260-261-270-iptv-tv-set-top-box?variant=25392282042432&country=BE&currency=EUR&utm_medium=product_sync&utm_source=google&utm_content=sag_organic&utm_campaign=sag_organic,5,33,15.15%,3.12
https://belmobile.be/products/devis-reservation-iphone-15-pro-max?variant=47192811110748&country=BE&currency=EUR&utm_medium=product_sync&utm_source=google&utm_content=sag_organic&utm_campaign=sag_organic,5,20,25%,4.75
https://belmobile.be/nl/pages/scarlet,4,7223,0.06%,56.06
https://belmobile.be/products/ecran-lcd-vitre-tactile-complet-pour-iphone-5-8p-qualite-aaa,4,5569,0.07%,38.52
https://belmobile.be/nl/products/samsung-galaxy-tab-a-10-1-32gb-wifi,4,4946,0.08%,34.16
https://belmobile.be/products/mini-clavier-bluetooth-azerty-sans-fil-2-4g-pour-pc-mac-ios,4,3865,0.1%,28.25
https://belmobile.be/nl/pages/galaxy-s7-edge-reparatie,4,3533,0.11%,31.33
https://belmobile.be/nl/pages/iphone-12-pro-verkopen,4,2892,0.14%,38.75
https://belmobile.be/nl/products/gsm-samsung-e1200,4,2579,0.16%,21.77
https://belmobile.be/nl/pages/reparation-xbox-one,4,2162,0.19%,43.56
https://belmobile.be/products/allume-cigare-carg7-transmetteur-fm-bluetooth-lecteur-de-musique-mp3-sd-usb,4,2118,0.19%,38.43
https://belmobile.be/nl/products/sony-cyber-shot-dsc-w610-14-1-mp-digital-camera-4x-zoom,4,2057,0.19%,28.67
https://belmobile.be/products/pc-portable-asus-rog-strix-g-g531,4,2031,0.2%,29.88
https://belmobile.be/nl/products/lecteur-cd-player-portable-auna-retro-anlage-aux-in-radio-fm,4,1892,0.21%,33.48
https://belmobile.be/products/chargeur-compatible-apple-type-c-87w-61w-pour-macbook-pro,4,1846,0.22%,28.02
https://belmobile.be/products/televiseur-samsung-4k-hdr-serie-nu7100-55-138cm-smart-wifi,4,1579,0.25%,42.66
https://belmobile.be/products/samsung-galaxy-tab-a6-sm-t280-7-8gb-wifi,4,1523,0.26%,35.31
https://belmobile.be/products/blackberry-9720-pink,4,1479,0.27%,25.65
https://belmobile.be/products/manette-sans-fil-dualshock-4-pour-playstation-4,4,1339,0.3%,36.18
https://belmobile.be/products/oreillette-bluetooth-mains-libres-samsung-eo-mg920-dorigine,4,1324,0.3%,57.45
https://belmobile.be/nl/products/ordinateurs-detachables-hp-elite-x2-hp-elite-x2-1013-g3-reconditionne,4,1164,0.34%,28.75
https://belmobile.be/nl/pages/reparation-switch-lite-bruxelles,4,1148,0.35%,28.54
https://belmobile.be/pages/revendre-galaxy-s8-plus,4,1001,0.4%,19.14
https://belmobile.be/nl/products/console-mini-nes-nintendo-classic-30-jeux,4,756,0.53%,41.63
https://belmobile.be/nl/pages/galaxy-a51-verkopen,4,684,0.58%,27.76
https://belmobile.be/pages/revendre-galaxy-s10e,4,581,0.69%,14.53
https://belmobile.be/nl/products/gsm-nokia-216,4,485,0.82%,32.72
https://belmobile.be/nl/pages/ipad-reparatie-brussel,4,465,0.86%,43.78
https://belmobile.be/pages/reparation-samsung-galaxy-a30,4,437,0.92%,17.46
https://belmobile.be/nl/pages/iphone-reparatie-molenbeek,4,398,1.01%,15.6
https://belmobile.be/nl/products/console-playstation-classic-day-one-20-jeux-uk,4,351,1.14%,17.07
https://belmobile.be/products/dabstep-dab-dab-radio-numerique-bluetooth-fm-rds-reveil-blanc,4,329,1.22%,44.68
https://belmobile.be/products/televiseur-philips-5300-series-led-hd-80-cm-32-ultra-plat-smart-tv,4,317,1.26%,17.48
https://belmobile.be/products/pc-portable-hp-probook-4520s,4,261,1.53%,27.32
https://belmobile.be/pages/reparation-galaxy-a80,4,207,1.93%,36.77
https://belmobile.be/nl/products/reconditionne-asus-vivobook-s14-s430u-14-i3-8gb-512gb-or-azerty,4,200,2%,24.76
https://belmobile.be/nl/products/leason-ls-126-wifi-fpv-camera-2-4g-33cm-rc-drone-quadcopter-ufo-drone-b-w,4,186,2.15%,15.85
https://belmobile.be/products/pc-portable-hp-15-da0004nk-dual-core-4g-reconditionne,4,182,2.2%,32.37
https://belmobile.be/pages/reparation-samsung-galaxy-watch-3,4,179,2.23%,13.43
https://belmobile.be/products/cle-usb-8gb-kingston,4,173,2.31%,19.13
https://belmobile.be/products/pc-portable-hp-laptop-15s-eq2120nb,4,160,2.5%,23.07
https://belmobile.be/products/pc-portable-acer-chromebook-spin-cp513-1h-series?variant=48902919258460&country=BE&currency=EUR&utm_medium=product_sync&utm_source=google&utm_content=sag_organic&utm_campaign=sag_organic,4,147,2.72%,20.77
https://belmobile.be/products/enceinte-haut-parleur-sans-fil-cigii-cylindrical-s22b-portable-bluetooth,4,139,2.88%,9.33
https://belmobile.be/nl/products/vizyon-7700-hd-se-plus-full-hdtv-recepteur-satellite-lan-pvr-usb,4,138,2.9%,19.57
https://belmobile.be/products/enceintes-bluetooth-sans-fil-rc-1051-wireless-portable,4,134,2.99%,41.16
https://belmobile.be/nl/pages/revendre-console,4,129,3.1%,49.63
https://belmobile.be/products/gsm-alcatel-5021d,4,120,3.33%,19.4
https://belmobile.be/blogs/blog-high-tech,4,112,3.57%,24.31
https://belmobile.be/pages/revendre-sony-playstation-5,4,110,3.64%,9.67
https://belmobile.be/pages/revendre-y9-prime-2019,4,99,4.04%,16.78
https://belmobile.be/pages/reparation-ipad-pro-12-9-2018,4,98,4.08%,26.89
https://belmobile.be/nl/pages/reparation-switch-oled,4,90,4.44%,28.28
https://belmobile.be/pages/envoyer-votre-appareil-en-reparation,4,77,5.19%,8.45
https://belmobile.be/pages/revendre-console,4,76,5.26%,22.04
https://belmobile.be/pages/reparation-mate-20,4,75,5.33%,8.08
https://belmobile.be/products/pc-portable-dell-latitude-e5550?variant=48903195623772&country=BE&currency=EUR&utm_medium=product_sync&utm_source=google&utm_content=sag_organic&utm_campaign=sag_organic,4,62,6.45%,7.63
https://belmobile.be/products/pc-portable-hp-probook-4520s?variant=48903064715612&country=BE&currency=EUR&utm_medium=product_sync&utm_source=google&utm_content=sag_organic&utm_campaign=sag_organic,4,53,7.55%,5.3
https://belmobile.be/nl/products/enceintes-bluetooth-sans-fil-jhw-v621-wireless-portable,4,47,8.51%,25.32
https://belmobile.be/pages/revendre-galaxy-note-10-plus,4,42,9.52%,14.62
https://belmobile.be/pages/revendre-samsung-galaxy-a53,4,39,10.26%,6.67
https://belmobile.be/pages/reparation-xiaomi-13-lite,4,39,10.26%,15.49
https://belmobile.be/products/pc-portable-hp-hq-tre-71025?variant=48902729564508&country=BE&currency=EUR&utm_medium=product_sync&utm_source=google&utm_content=sag_organic&utm_campaign=sag_organic,4,26,15.38%,3.88
https://belmobile.be/products/pc-portable-dell-latitude-e5540-stockage-hybride?variant=48903118324060&country=BE&currency=EUR&utm_medium=product_sync&utm_source=google&utm_content=sag_organic&utm_campaign=sag_organic,4,19,21.05%,8.47
https://belmobile.be/products/devis-reservation-iphone-15-pro-max?variant=47192811110748&currency=EUR&utm_medium=product_sync&utm_source=google&utm_content=sag_organic&utm_campaign=sag_organic,4,7,57.14%,21.86
https://belmobile.be/nl/products/samsung-galaxy-s8-64gb-black-noir,3,8570,0.04%,25.83
https://belmobile.be/nl/pages/iphone-x-reparatie,3,5166,0.06%,42.2
https://belmobile.be/collections/accessoires-gsm-smartphone-tablette,3,4842,0.06%,13.43
https://belmobile.be/nl/products/samsung-galaxy-tab-3-lite-7-8gb-wifi,3,4702,0.06%,40.83
https://belmobile.be/products/samsung-galaxy-s9-plus-64gb-noir,3,3777,0.08%,26.53
https://belmobile.be/nl/pages/recyclage-iphone,3,3596,0.08%,43.96
https://belmobile.be/products/samsung-galaxy-a8-2018-32gb-dual-sim-noir,3,3075,0.1%,35.91
https://belmobile.be/nl/products/enseigne-lumineuse-en-led-publicitaire-100-x-20cm-interieur-blanc,3,2508,0.12%,50.63
https://belmobile.be/products/boitier-pour-disque-dur-externe-usb-2-0-sata-hdd-3-5-adaptateur-dalimentation,3,2297,0.13%,37.75
https://belmobile.be/nl/pages/samsung-verkopen,3,2226,0.13%,45.4
https://belmobile.be/products/pc-portable-elitebook-840-g3,3,1567,0.19%,24.49
https://belmobile.be/nl/pages/iphone-11-verkopen,3,1054,0.28%,53.7
https://belmobile.be/products/pc-portable-elitebook-840-g3?variant=48903173275996&country=BE&currency=EUR&utm_medium=product_sync&utm_source=google&utm_content=sag_organic&utm_campaign=sag_organic,3,877,0.34%,22.49
https://belmobile.be/nl/products/xiaomi-mi-m365-scooter-trottinette-electrique-pliable-eabs,3,812,0.37%,45.28
https://belmobile.be/products/lenovo-ideapad-3-occasion,3,808,0.37%,20.4
https://belmobile.be/blogs/blog-high-tech/le-verdict-est-tombe-notre-test-complet-du-samsung-galaxy-s23-ultra,3,786,0.38%,60.72
https://belmobile.be/products/samsung-galaxy-tab-a-10-1-32gb-wifi,3,760,0.39%,24.66
https://belmobile.be/products/samsung-galaxy-s6-edge-32gb-noir?variant=40391603880015&country=BE&currency=EUR&utm_medium=product_sync&utm_source=google&utm_content=sag_organic&utm_campaign=sag_organic,3,701,0.43%,7.13
https://belmobile.be/nl/pages/tablet-reparatie-brussel,3,654,0.46%,57.46
https://belmobile.be/nl/pages/reparation-smartwatch,3,552,0.54%,21.36
https://belmobile.be/pages/revendre-iphone-16-pro,3,425,0.71%,63.22
https://belmobile.be/collections/all,3,403,0.74%,5.98
https://belmobile.be/products/enceinte-haut-parleur-sans-fil-portable-boombox-bluetooth-power-bank,3,400,0.75%,45.27
https://belmobile.be/nl/products/samsung-galaxy-a55-enterprise-edition-bleu-nuit-5g-128-go,3,388,0.77%,26.5
https://belmobile.be/pages/reparation-ipad-bruxelles,3,388,0.77%,29.77
https://belmobile.be/pages/revendre-p20-pro,3,354,0.85%,23.69
https://belmobile.be/nl/products/gsm-lg-g360-clapet-double-sim-red,3,328,0.91%,20.88
https://belmobile.be/products/enceintes-haut-parleur-hy-218-portable-usb-stereo-pour-pc-de-bureau,3,262,1.15%,48.56
https://belmobile.be/pages/reparation-huawei,3,217,1.38%,20.73
https://belmobile.be/products/radio-internet-2-1-connect-150-lecteur-multimedia-mediaplayer-spotify-c,3,213,1.41%,36.77
https://belmobile.be/nl/products/cle-usb-8gb-kingston,3,207,1.45%,25.4
https://belmobile.be/nl/pages/galaxy-s22-plus-verkopen,3,199,1.51%,46.57
https://belmobile.be/products/pc-portable-dell-latitude-e5550,3,198,1.52%,19.47
https://belmobile.be/pages/revendre-galaxy-a40,3,191,1.57%,12.12
https://belmobile.be/products/mjx-x400-v2-2-4g-rc-quadcopter-drone-helicoptere-wh-su512,3,165,1.82%,17.27
https://belmobile.be/nl/products/adaptateur-wifi-edup-usb-1200-mbps-double-bande-802-11ac,3,156,1.92%,34.07
https://belmobile.be/products/chargeur-durata-led-press-lamp-avec-4-ports-usb,3,151,1.99%,14.88
https://belmobile.be/products/sony-cyber-shot-dsc-w610-14-1-mp-digital-camera-4x-zoom?variant=24477988487232&country=BE&currency=EUR&utm_medium=product_sync&utm_source=google&utm_content=sag_organic&utm_campaign=sag_organic,3,142,2.11%,4.73
https://belmobile.be/products/adaptateur-chargeur-de-remplacement-20v-4-5a-90w-usb-pour-lenovo-thinkpad,3,142,2.11%,13.91
https://belmobile.be/pages/revendre-mate-10,3,123,2.44%,23.46
https://belmobile.be/pages/revendre-galaxy-s7-edge,3,120,2.5%,16.19
https://belmobile.be/products/boitier-mxq-4k-smart-tv-android-systeme-dexploitation-android-6-0,3,116,2.59%,28.79
https://belmobile.be/pages/revendre-galaxy-note-20-ultra,3,115,2.61%,12.83
https://belmobile.be/pages/revendre-galaxy-a21s,3,114,2.63%,14.73
https://belmobile.be/products/microphone-ws-1816-bluetooth-sans-fil-a-condensateur-karaoke,3,100,3%,8.59
https://belmobile.be/pages/reparation-xbox,3,97,3.09%,13.88
https://belmobile.be/products/enceintes-bluetooth-sans-fil-music-apollo-portable-wireless,3,91,3.3%,11.89
https://belmobile.be/pages/reparation-samsung-galaxy-tab-active3,3,90,3.33%,12.92
https://belmobile.be/nl/products/devis-reservation-iphone-15-pro-max,3,73,4.11%,18.1
https://belmobile.be/products/cable-usb-type-c-durata-safe-3m-charge-synchro,3,72,4.17%,27.71
https://belmobile.be/nl/pages/xiaomi-13-reparatie,3,65,4.62%,11.49
https://belmobile.be/nl/pages/verkopen-galaxy-s10-plus,3,64,4.69%,28.56
https://belmobile.be/pages/revendre-samsung-galaxy-a55,3,63,4.76%,7.05
https://belmobile.be/products/mini-gsm-bm-m10?variant=21491957039168&country=BE&currency=EUR&utm_medium=product_sync&utm_source=google&utm_content=sag_organic&utm_campaign=sag_organic&gQT=1,3,51,5.88%,3.78
https://belmobile.be/products/sonica-r1-yellow-black,3,43,6.98%,7.35
https://belmobile.be/pages/revendre-galaxy-z-fold4,3,41,7.32%,11.61
https://belmobile.be/pages/revendre-galaxy-a80,3,38,7.89%,9.76
https://belmobile.be/products/adaptateur-durata-2-in-1-recharge-audio-3-5-mm,3,37,8.11%,23.97
https://belmobile.be/nl/products/chargeur-multiline-powerstation-4-4a-4-port-usb-mw4403,3,36,8.33%,10.72
https://belmobile.be/products/pc-portable-lenovo-ideapad-3-15ada05?variant=48903125762396&country=BE&currency=EUR&utm_medium=product_sync&utm_source=google&utm_content=sag_organic&utm_campaign=sag_organic,3,34,8.82%,7.03
https://belmobile.be/nl/pages/jobs,3,34,8.82%,19.44
https://belmobile.be/products/devis-reservation-iphone-15-pro-max?variant=47192810881372&country=BE&currency=EUR&utm_medium=product_sync&utm_source=google&utm_content=sag_organic&utm_campaign=sag_organic,3,32,9.38%,2.28
https://belmobile.be/products/lenovo-ideapad-3-occasion?variant=49239141384540&country=BE&currency=EUR&utm_medium=product_sync&utm_source=google&utm_content=sag_organic&utm_campaign=sag_organic,3,28,10.71%,4.64
https://belmobile.be/products/pc-portable-asus-zenbook-ux305c?variant=48902904709468&country=BE&currency=EUR&utm_medium=product_sync&utm_source=google&utm_content=sag_organic&utm_campaign=sag_organic,3,15,20%,3
https://belmobile.be/products/vizyon-7700-hd-se-plus-full-hdtv-recepteur-satellite-lan-pvr-usb?variant=25538781478976&country=BE&currency=EUR&utm_medium=product_sync&utm_source=google&utm_content=sag_organic&utm_campaign=sag_organic,3,13,23.08%,4.77
https://belmobile.be/products/apple-iphone-se-2016-32gb-noir?variant=40508703801423&country=BE&currency=EUR&utm_medium=product_sync&utm_source=google&utm_content=sag_organic&utm_campaign=sag_organic&gStoreCode=1&gQT=2,3,13,23.08%,6.15
https://belmobile.be/products/recepteur-satellite-full-hd-sunny-at-15100-smart-box-android?variant=25533338320960&country=BE&currency=EUR&utm_medium=product_sync&utm_source=google&utm_content=sag_organic&utm_campaign=sag_organic,3,11,27.27%,3.55
https://belmobile.be/products/tiger-star-dvb-s-s2-top-box-m1-full-hd-recepteur-satellite-numerique?variant=25403885420608&currency=EUR&utm_medium=product_sync&utm_source=google&utm_content=sag_organic&utm_campaign=sag_organic,3,7,42.86%,7.57
https://belmobile.be/products/batterie-de-remplacement-interne-pour-iphone-qualite-aaa?variant=27306156163136&country=BE&currency=EUR&utm_medium=product_sync&utm_source=google&utm_content=sag_organic&utm_campaign=sag_organic,3,6,50%,1.33
https://belmobile.be/products/enceintes-bluetooth-sans-fil-soundlink-mini-portable-wireless?variant=24527438086208&currency=EUR&utm_medium=product_sync&utm_source=google&utm_content=sag_organic&utm_campaign=sag_organic,3,3,100%,1
https://belmobile.be/products/ecouteurs-ibeats-by-dr-dre-avec-micro-son-haut-de-gamme?variant=24222833508416&currency=EUR&utm_medium=product_sync&utm_source=google&utm_content=sag_organic&utm_campaign=sag_organic,3,3,100%,6.33
https://belmobile.be/products/enseigne-lumineuse-en-led-publicitaire-100-x-20cm-interieur-blanc,2,7910,0.03%,42.67
https://belmobile.be/products/mini-clavier-bluetooth-azerty-sans-fil-2-4g-pour-pc-mac-ios-1,2,5015,0.04%,53.57
https://belmobile.be/nl/pages/iphone-12-pro-max-verkopen,2,4778,0.04%,32.93
https://belmobile.be/products/samsung-galaxy-s8-64gb-black-noir,2,4463,0.04%,30.57
https://belmobile.be/nl/products/apple-ipad-4-16gb-wi-fi-silver-grade-a,2,4324,0.05%,29.31
https://belmobile.be/products/samsung-galaxy-note-8-64gb-black-grade-a,2,3777,0.05%,27.58
https://belmobile.be/products/apple-ipad-mini-2-16gb-wi-fi-4g-silver-grade-a-1,2,2641,0.08%,27.05
https://belmobile.be/nl/products/samsung-galaxy-tab-a6-sm-t285-7-8gb-lte-4g,2,2628,0.08%,21.76
https://belmobile.be/nl/products/google-pixel-8-128-go-noir-grade-a,2,2397,0.08%,46.34
https://belmobile.be/products/pc-portable-hp-pavilion-gaming-15-cx0017nl,2,2373,0.08%,24.02
https://belmobile.be/nl/pages/reparation-xbox,2,2133,0.09%,55.92
https://belmobile.be/nl/products/enceintes-bluetooth-sans-fil-soundlink-mini-portable-wireless,2,1858,0.11%,51.22
https://belmobile.be/nl/products/clavier-azerty-fr-smart-usb-pc-laptop-windows-mac,2,1848,0.11%,56.04
https://belmobile.be/products/housse-coque-cover-silicone-gel-transparente-iphone-xs-max-xr-8-7-6-5,2,1762,0.11%,55.38
https://belmobile.be/nl/products/gran-turismo-gt-sport-fr-nl-pour-ps4,2,1728,0.12%,20.84
https://belmobile.be/nl/products/eid-lecteur-de-carte-didentite-usb-tax-on-web-acr38-zetes,2,1683,0.12%,30.66
https://belmobile.be/products/routeur-tp-link-wifi-n-300mbps-2-4g-5-ports-ethernet-blanc,2,1566,0.13%,36.78
https://belmobile.be/nl/pages/galaxy-s10-verkopen,2,1512,0.13%,37.45
https://belmobile.be/nl/products/hoverboard-scooter-smart-board-electrique-auto-equilibrage-6-5-pouces-bluetooth-bleu,2,1432,0.14%,50.47
https://belmobile.be/nl/pages/iphone-13-mini-verkopen,2,1356,0.15%,20.07
https://belmobile.be/nl/pages/galaxy-s20-fe-verkopen,2,1287,0.16%,28.29
https://belmobile.be/nl/products/pc-portable-grundig-4gb-ram-320go-reconditionne,2,1143,0.17%,26.76
https://belmobile.be/products/home-cinema-5-1,2,1068,0.19%,33.69
https://belmobile.be/nl/products/enseigne-lumineuse-en-led-publicitaire-100-x-20cm-interieur-rouge,2,1035,0.19%,49.11
https://belmobile.be/blogs/blog-high-tech/apple-iphone-14-pro-max-vaut-il-la-peine-dacheter,2,1032,0.19%,32.67
https://belmobile.be/nl/pages/reparation-samsung-galaxy-tab-s4-10-5,2,1016,0.2%,40.89
https://belmobile.be/nl/pages/galaxy-a50-verkopen,2,1001,0.2%,29.41
https://belmobile.be/nl/pages/galaxy-a70-reparatie,2,896,0.22%,34.8
https://belmobile.be/products/ecouteurs-ibeats-by-dr-dre-avec-micro-son-haut-de-gamme,2,846,0.24%,10.87
https://belmobile.be/products/kit-clavier-multimedia-azerty-souris-sans-fil-gamer-usb-pc,2,806,0.25%,33.7
https://belmobile.be/nl/products/adaptateur-300mbps-usb-wifi-sans-fil-antenne-externe,2,719,0.28%,50.21
https://belmobile.be/products/casque-bluetooth-st9-avec-micro-sans-fil,2,612,0.33%,29.09
https://belmobile.be/products/lecteur-cd-player-portable-auna-retro-anlage-aux-in-radio-fm,2,592,0.34%,24.38
https://belmobile.be/pages/revendre-galaxy-s21-plus,2,548,0.36%,15.05
https://belmobile.be/nl/pages/iphone-15-verkopen,2,528,0.38%,65.68
https://belmobile.be/products/coque-batterie-jlw-7gs-2-5000-mah-en-caoutchouc-pour-iphone-7,2,486,0.41%,23.07
https://belmobile.be/nl/collections/smartphone-en-tablet-onderdelen,2,440,0.45%,39.35
https://belmobile.be/products/gsm-alcatel-1035x-noir,2,382,0.52%,14.8
https://belmobile.be/products/apple-iphone-14-128go-occasion,2,381,0.52%,16.57
https://belmobile.be/products/double-ecouteurs-buds-stereo-sans-fil-bluetooth-uniq-surround,2,379,0.53%,8.31
https://belmobile.be/nl/products/boitier-mxq-4k-smart-tv-android-systeme-dexploitation-android-6-0,2,338,0.59%,31.01
https://belmobile.be/products/blackberry-z30-16gb-black?variant=23042700116032&country=BE&currency=EUR&utm_medium=product_sync&utm_source=google&utm_content=sag_organic&utm_campaign=sag_organic,2,336,0.6%,36.83
https://belmobile.be/nl/pages/iphone-15-pro-max-reparatie,2,331,0.6%,58.85
https://belmobile.be/products/lg-dp542h-lecteur-dvd-player-fullhd-1080p-usb-xvid-noir,2,315,0.63%,39.57
https://belmobile.be/products/enceintes-bluetooth-sans-fil-by1010-wireless-portable,2,265,0.75%,52.33
https://belmobile.be/products/enceintes-bluetooth-sans-fil-soundlink-mini-portable-wireless,2,237,0.84%,24.49
https://belmobile.be/nl/products/gsm-alcatel-1035x-noir,2,229,0.87%,23.42
https://belmobile.be/products/huawei-y7-prime-trt-lx2-32gb-dual-sim,2,229,0.87%,23.58
https://belmobile.be/products/pc-portable-dell-latitude-e5540-stockage-hybride,2,228,0.88%,21.15
https://belmobile.be/products/qi-wireless-powerbank-batterie-de-secours-avec-ecran-lcd,2,226,0.88%,27.03
https://belmobile.be/products/adaptateur-chargeur-de-remplacement-19-5v-3-9a-60w-4-5x3-0mm-pour-sony,2,224,0.89%,8.5
https://belmobile.be/nl/pages/express-reparatie-smartphone-tablet-en-computer-in-brussel,2,202,0.99%,21.74
https://belmobile.be/nl/products/nokia-3-16gb-white,2,199,1.01%,36.43
https://belmobile.be/products/pc-portable-compaq-presario-cq57-4gb-ram-320go-reconditionne,2,189,1.06%,22.24
https://belmobile.be/products/v14-mini-chaine-hifi-stereo-lecteur-cd-mp3-tuner-radio-fm-aux,2,188,1.06%,16.48
https://belmobile.be/nl/products/microphone-wster-ws-858-sans-fil-bluetooth-karaoke-et-haut-parleur-hi-fi,2,168,1.19%,7.19
https://belmobile.be/products/cable-dorigine-samsung-ecc1dp0ube-pour-galaxy-tab-2-7-0-gt-p3110-synchro-charge,2,168,1.19%,40.17
https://belmobile.be/products/cable-usb-type-c-original-huawei-5a-charge-synchro,2,165,1.21%,16.72
https://belmobile.be/pages/revendre-galaxy-a72,2,162,1.23%,15.25
https://belmobile.be/pages/prix-rachat-reprise-iphone-ipad-macbook,2,161,1.24%,21.49
https://belmobile.be/nl/pages/galaxy-a31-verkopen,2,161,1.24%,52.73
https://belmobile.be/nl/products/v14-mini-chaine-hifi-stereo-lecteur-cd-mp3-tuner-radio-fm-aux,2,154,1.3%,26.86
https://belmobile.be/nl/pages/galaxy-a40-reparatie,2,151,1.32%,34.1
https://belmobile.be/collections/appareils-reconditionnes,2,133,1.5%,17.15
https://belmobile.be/products/adaptateur-chargeur-de-remplacement-19-5v-3-33a-65w-4-5x3-0-pour-hp,2,133,1.5%,19.22
https://belmobile.be/nl/products/lg-k10-2017-gold-grade-a,2,127,1.57%,22.17
https://belmobile.be/products/adaptateur-chargeur-de-remplacement-19-5v-4-62a-7-4x5-0mm-90w-pour-dell,2,119,1.68%,11.01
https://belmobile.be/nl/pages/galaxy-a40-verkopen,2,119,1.68%,58.82
https://belmobile.be/nl/products/double-ecouteurs-buds-stereo-sans-fil-bluetooth-uniq-surround,2,117,1.71%,9.2
https://belmobile.be/products/reparation-express-iphone-16-pro,2,117,1.71%,10.56
https://belmobile.be/nl/collections/all/recepteurs-iptv,2,116,1.72%,25.19
https://belmobile.be/nl/products/pc-portable-compaq-presario-cq57-4gb-ram-320go-reconditionne,2,113,1.77%,40.98
https://belmobile.be/products/coque-housse-guess-hard-case-saffiano-avec-anneau-pour-iphone-xs-max,2,108,1.85%,18.51
https://belmobile.be/products/ecouteurs-remax-rm-502-intra-auriculaires-universel-pour-sport,2,106,1.89%,24.38
https://belmobile.be/pages/revendre-galaxy-s20,2,100,2%,15.91
https://belmobile.be/pages/entreprises,2,94,2.13%,14.34
https://belmobile.be/products/remax-power-bank-5500-mah-batterie-externe-portable,2,91,2.2%,9.43
https://belmobile.be/nl/pages/p30-pro-verkopen,2,89,2.25%,15.89
https://belmobile.be/products/asus-x54h-sx314v-reconditionne,2,86,2.33%,30.86
https://belmobile.be/nl/products/tp-link-nc200-camera-cloud-wifi-fonction-repeteur-300mbps,2,85,2.35%,23.54
https://belmobile.be/nl/pages/reparation-xbox-series-x,2,80,2.5%,50.81
https://belmobile.be/pages/revendre-p40-pro,2,78,2.56%,15.53
https://belmobile.be/products/support-mural-tv-lcd-led-plasma-pivotant-15-42,2,75,2.67%,30.39
https://belmobile.be/nl/products/enceintes-haut-parleur-cmik-mk-2009-bluetooth-lecteur-usb-sd-radio-fm-am-oem,2,74,2.7%,12.28
https://belmobile.be/products/enceintes-haut-parleur-mega-bass-music-f-d-092-en-bois,2,71,2.82%,10.66
https://belmobile.be/nl/products/medialink-ml7000-eco-iptv-h265-smarthome,2,69,2.9%,19.38
https://belmobile.be/products/samsung-a52s-128go-occasion?variant=49239228481884&currency=EUR&utm_medium=product_sync&utm_source=google&utm_content=sag_organic&utm_campaign=sag_organic,2,54,3.7%,12.04
https://belmobile.be/pages/revendre-galaxy-a41,2,53,3.77%,12.79
https://belmobile.be/nl/pages/galaxy-s23-plus-verkopen,2,47,4.26%,10.28
https://belmobile.be/nl/products/cle-usb-dt50-16gb-kingston,2,46,4.35%,30.48
https://belmobile.be/pages/revendre-galaxy-a42,2,45,4.44%,20.89
https://belmobile.be/pages/revendre-galaxy-z-fold2,2,42,4.76%,33.14
https://belmobile.be/pages/revendre-mate-20-lite,2,41,4.88%,15.05
https://belmobile.be/products/boitier-android-4k-ultrahd-formuler-z-plus-wifi-iptv-vod?variant=24471419060288&country=BE&currency=EUR&utm_medium=product_sync&utm_source=google&utm_content=sag_organic&utm_campaign=sag_organic,2,38,5.26%,4.82
https://belmobile.be/nl/pages/reparation-samsung-galaxy-tab-s8-plus,2,36,5.56%,61.58
https://belmobile.be/nl/pages/redmi-12c-reparatie,2,33,6.06%,6.27
https://belmobile.be/pages/reparation-galaxy-a42,2,31,6.45%,11.94
https://belmobile.be/products/gsm-samsung-e1200?variant=21491092029504&country=BE&currency=EUR&utm_medium=product_sync&utm_source=google&utm_content=sag_organic&utm_campaign=sag_organic,2,28,7.14%,6.96
https://belmobile.be/nl/products/microphone-ws-1816-bluetooth-sans-fil-a-condensateur-karaoke,2,26,7.69%,4.27
https://belmobile.be/products/pc-portable-asus-rog-strix-g-g531?variant=48903010517340&country=BE&currency=EUR&utm_medium=product_sync&utm_source=google&utm_content=sag_organic&utm_campaign=sag_organic,2,25,8%,2.6
https://belmobile.be/nl/products/samsung-cable-data-usb-micro-usb-ecb-du4ewe-1-5m-blanc,2,25,8%,11
https://belmobile.be/nl/pages/samsung-galaxy-z-flip-5g-reparatie,2,21,9.52%,9.52
https://belmobile.be/nl/products/allume-cigare-carg7-transmetteur-fm-bluetooth-lecteur-de-musique-mp3-sd-usb,2,19,10.53%,34.26
https://belmobile.be/products/pc-portable-hp-elitebook-755-g5?variant=48902807814492&country=BE&currency=EUR&utm_medium=product_sync&utm_source=google&utm_content=sag_organic&utm_campaign=sag_organic,2,18,11.11%,3.22
https://belmobile.be/nl/pages/galaxy-a21s-verkopen,2,18,11.11%,11.39
https://belmobile.be/products/pc-portable-dell-latitude-e5540-stockage-hybride?variant=48903118324060&currency=EUR&utm_medium=product_sync&utm_source=google&utm_content=sag_organic&utm_campaign=sag_organic,2,18,11.11%,13.28
https://belmobile.be/products/ecouteurs-ibeats-by-dr-dre-avec-micro-son-haut-de-gamme?variant=24222833508416&country=BE&currency=EUR&utm_medium=product_sync&utm_source=google&utm_content=sag_organic&utm_campaign=sag_organic,2,16,12.5%,2.12
https://belmobile.be/nl/pages/iphone-15-plus-reparatie,2,15,13.33%,35.93
https://belmobile.be/products/reparation-express-samsung-a55,2,13,15.38%,5.85
https://belmobile.be/products/radio-internet-bluetooth-connect-120-dab-wi-fi-dab-fm-rds-usb-mp3-marron?variant=24607947358272&country=BE&currency=EUR&utm_medium=product_sync&utm_source=google&utm_content=sag_organic&utm_campaign=sag_organic,2,10,20%,5.9
https://belmobile.be/products/pc-portable-hp-pavilion-gaming-15-cx0017nl?variant=48902987284828&country=BE&currency=EUR&utm_medium=product_sync&utm_source=google&utm_content=sag_organic&utm_campaign=sag_organic,2,9,22.22%,2.33
https://belmobile.be/products/lecteur-cd-mp3-oneconcept-v13-bt-chaine-hi-fi-stereo-bluetooth-usb-radio?variant=24619799248960&country=BE&currency=EUR&utm_medium=product_sync&utm_source=google&utm_content=sag_organic&utm_campaign=sag_organic,2,7,28.57%,5.14
https://belmobile.be/products/batterie-de-remplacement-interne-pour-iphone-qualite-aaa?variant=27306156261440&country=BE&currency=EUR&utm_medium=product_sync&utm_source=google&utm_content=sag_organic&utm_campaign=sag_organic,2,6,33.33%,1.67
https://belmobile.be/products/google-pixel-8-128-go-noir-grade-a?variant=49354183606620&currency=EUR&utm_medium=product_sync&utm_source=google&utm_content=sag_organic&utm_campaign=sag_organic,2,6,33.33%,9.5
https://belmobile.be/products/devis-reservation-iphone-15-pro-max?variant=47192810848604&country=BE&currency=EUR&utm_medium=product_sync&utm_source=google&utm_content=sag_organic&utm_campaign=sag_organic,2,5,40%,3
https://belmobile.be/products/pc-portable-acer-chromebook-spin-cp513-1h-series?variant=48902919258460&country=BE&currency=EUR&utm_medium=product_sync&utm_source=google&utm_content=sag_organic&utm_campaign=sag_organic&gQT=2,2,4,50%,4.5
https://belmobile.be/products/hp-240-g9-occasion?variant=49239177232732&currency=EUR&utm_medium=product_sync&utm_source=google&utm_content=sag_organic&utm_campaign=sag_organic,2,3,66.67%,1.67
https://belmobile.be/products/pc-portable-asus-rog-strix-g-g531?variant=48903010517340&currency=EUR&utm_medium=product_sync&utm_source=google&utm_content=sag_organic&utm_campaign=sag_organic,2,3,66.67%,2.33
https://belmobile.be/products/ecran-lcd-vitre-tactile-complet-pour-iphone-5-8p-qualite-aaa?variant=25620772257856&country=BE&currency=EUR&utm_medium=product_sync&utm_source=google&utm_content=sag_organic&utm_campaign=sag_organic,2,3,66.67%,4.67
https://belmobile.be/products/ecran-lcd-vitre-tactile-complet-pour-iphone-5-8p-qualite-aaa?variant=25621974155328&country=BE&currency=EUR&utm_medium=product_sync&utm_source=google&utm_content=sag_organic&utm_campaign=sag_organic,2,2,100%,1
https://belmobile.be/nl/pages/hervatting-iphone-brussel,1,16777,0.01%,55.7
https://belmobile.be/products/samsung-galaxy-s6-edge-32gb-noir,1,7883,0.01%,18
https://belmobile.be/nl/products/samsung-galaxy-a50-4g-32gb-blanc,1,6257,0.02%,39.84
https://belmobile.be/nl/products/samsung-galaxy-s9-plus-64gb-noir,1,3155,0.03%,32.43
https://belmobile.be/products/apple-ipad-4-16gb-wi-fi-silver-grade-a,1,2921,0.03%,19.06
https://belmobile.be/nl/pages/iphone-gegevens-herstellen-brussel,1,2895,0.03%,56.12
https://belmobile.be/products/samsung-galaxy-tab-3-lite-7-8gb-wifi,1,2778,0.04%,47.29
https://belmobile.be/nl/products/samsung-galaxy-s6-edge-32gb-noir,1,2659,0.04%,27.49
https://belmobile.be/nl/pages/iphone-xr-verkopen,1,2425,0.04%,54.33
https://belmobile.be/nl/products/samsung-galaxy-s7-32gb-black-grade-a,1,2218,0.05%,38.93
https://belmobile.be/products/apple-iphone-7-32gb-noir,1,2181,0.05%,39.61
https://belmobile.be/products/apple-iphone-xs-max-64-gb-dual-sim-silver,1,2158,0.05%,42.34
https://belmobile.be/products/apple-ipad-mini-2-16gb-wi-fi-4g-silver-grade-a,1,2105,0.05%,35.67
https://belmobile.be/products/pc-portable-hp-elitebook-840,1,2022,0.05%,34.28
https://belmobile.be/nl/products/nokia-lumia-920-32gb-grade-b,1,1996,0.05%,30.28
https://belmobile.be/products/repetiteur-wifi-puissant-sans-fil-signal-amplificateur-range-extender-booster,1,1847,0.05%,38.98
https://belmobile.be/products/samsung-galaxy-s7-edge-32gb-black-grade-a,1,1817,0.06%,36.88
https://belmobile.be/nl/pages/iphone-12-pro-reparatie,1,1699,0.06%,51.03
https://belmobile.be/products/apple-iphone-8-plus-64gb-black-grade-a,1,1518,0.07%,44.08
https://belmobile.be/nl/products/gsm-nokia-105-dual-sim,1,1436,0.07%,35.33
https://belmobile.be/nl/pages/ups-access-point-belmobile-be,1,1409,0.07%,19.23
https://belmobile.be/collections,1,1396,0.07%,8.36
https://belmobile.be/products/cable-compatible-apple-lightning-vers-usb-pour-iphone-ipad-mac,1,1385,0.07%,28.79
https://belmobile.be/collections/occasions/reconditionne,1,1377,0.07%,47.41
https://belmobile.be/products/samsung-galaxy-s7-32gb-gold-grade-a,1,1374,0.07%,23.96
https://belmobile.be/nl/pages/galaxy-note-9-verkopen,1,1230,0.08%,44.28
https://belmobile.be/nl/products/refroidisseur-pc-portable-laptop-usb-cooler-9-17-silencieux,1,1222,0.08%,35.34
https://belmobile.be/collections/occasions/samsung,1,1162,0.09%,47.98
https://belmobile.be/nl/pages/galaxy-note-9-reparatie,1,1120,0.09%,34.45
https://belmobile.be/products/support-velo-resistant-aux-intemperies-pour-smartphone,1,1118,0.09%,32.95
https://belmobile.be/nl/products/ecouteurs-ibeats-by-dr-dre-avec-micro-son-haut-de-gamme,1,1095,0.09%,10.64
https://belmobile.be/products/batterie-de-remplacement-interne-pour-iphone-qualite-aaa,1,1032,0.1%,28.77
https://belmobile.be/nl/products/samsung-galaxy-a6-32gb-black,1,959,0.1%,38.77
https://belmobile.be/products/samsung-galaxy-a6-32gb-black-grade-a,1,954,0.1%,43.3
https://belmobile.be/products/samsung-galaxy-s8-plus-64gb-noir?variant=40381686906959&country=BE&currency=EUR&utm_medium=product_sync&utm_source=google&utm_content=sag_organic&utm_campaign=sag_organic,1,925,0.11%,14.34
https://belmobile.be/nl/pages/iphone-13-pro-max-verkopen,1,922,0.11%,31.61
https://belmobile.be/nl/pages/reparation-ipad-air-4,1,915,0.11%,52.22
https://belmobile.be/nl/products/huawei-mate-10-pro-4g-128gb-marron-grade-c,1,869,0.12%,31.83
https://belmobile.be/nl/products/mario-rabbits-kingdom-battle-pour-nintendo-switch,1,864,0.12%,38.53
https://belmobile.be/nl/pages/galaxy-a41-reparatie,1,850,0.12%,31.87
https://belmobile.be/nl/collections/telephones,1,849,0.12%,51.49
https://belmobile.be/nl/pages/huawei-p20-pro-reparatie,1,840,0.12%,48.35
https://belmobile.be/nl/products/pc-portable-lenovo-legion-5,1,779,0.13%,30.87
https://belmobile.be/nl/products/samsung-galaxy-a6-plus-32gb-black,1,774,0.13%,26.28
https://belmobile.be/products/blackberry-curve-8520-black-grade-b,1,656,0.15%,43.05
https://belmobile.be/pages/revendre-galaxy-s21-fe,1,652,0.15%,14.92
https://belmobile.be/products/camera-daction-sport-etanche-4k-ultra-hd-wifi-ecran-lcd-2,1,652,0.15%,42.82
https://belmobile.be/nl/pages/reparation-macbook-air-m2,1,643,0.16%,56.26
https://belmobile.be/nl/pages/iphone-xr-reparatie,1,637,0.16%,38.21
https://belmobile.be/nl/pages/galaxy-s21-ultra-verkopen,1,632,0.16%,40.52
https://belmobile.be/products/clecteur-reader-adaptateur-usb-multi-carte-memoire-sd-sdhc-mmc-tflash-micro-sd,1,630,0.16%,37.56
https://belmobile.be/nl/products/smartphone-oneplus-3t-64gb-grade-a,1,606,0.17%,32.13
https://belmobile.be/nl/products/pc-portable-acer-aspire-e15,1,596,0.17%,22.26
https://belmobile.be/nl/products/blackberry-z30-16gb-black,1,578,0.17%,26.62
https://belmobile.be/nl/pages/galaxy-a71-reparatie,1,578,0.17%,37.02
https://belmobile.be/nl/products/samsung-galaxy-a13-4g-32gb-noir,1,546,0.18%,35.8
https://belmobile.be/nl/collections/consoles-en-videogames,1,529,0.19%,60.15
https://belmobile.be/nl/products/film-de-protection-ecran-en-verre-trempe-pour-samsung-galaxy,1,511,0.2%,32.1
https://belmobile.be/nl/products/huawei-y7-prime-trt-lx2-32gb-dual-sim,1,506,0.2%,33.31
https://belmobile.be/nl/pages/galaxy-a12-reparatie,1,505,0.2%,30.76
https://belmobile.be/nl/pages/galaxy-a12-verkopen,1,503,0.2%,23.08
https://belmobile.be/products/gsm-alcatel-1010x-noir,1,499,0.2%,23.84
https://belmobile.be/products/samsung-galaxy-s7-edge-32gb-gold-grade-b,1,487,0.21%,38.47
https://belmobile.be/nl/products/samsung-galaxy-note-8-64gb-black-grade-a,1,463,0.22%,37.01
https://belmobile.be/nl/products/enseigne-lumineuse-en-led-publicitaire-100-x-20cm-interieur-bleu,1,453,0.22%,46.03
https://belmobile.be/nl/pages/galaxy-s20-ultra-verkopen,1,448,0.22%,41.24
https://belmobile.be/products/samsung-galaxy-s8-64gb-black-noir?variant=40354770419791&country=BE&currency=EUR&utm_medium=product_sync&utm_source=google&utm_content=sag_organic&utm_campaign=sag_organic,1,435,0.23%,14.91
https://belmobile.be/nl/pages/galaxy-a31-reparatie,1,392,0.26%,32.8
https://belmobile.be/nl/pages/galaxy-a30s-reparatie,1,388,0.26%,21.71
https://belmobile.be/nl/products/mag324-325-boitier-decodeur-iptv-set-top-box-internet-by-infomir,1,386,0.26%,20.28
https://belmobile.be/nl/pages/galaxy-s20-plus-verkopen,1,363,0.28%,63.49
https://belmobile.be/products/cable-usb-de-donnees-pour-asus-eee-pad-tf101-tf201-tablette-pc,1,359,0.28%,32.98
https://belmobile.be/products/blackberry-curve-8520-black-grade-b?variant=27064167235648&country=BE&currency=EUR&utm_medium=product_sync&utm_source=google&utm_content=sag_organic&utm_campaign=sag_organic,1,336,0.3%,12.8
https://belmobile.be/products/sony-ericsson-mbs-400-haut-parleurs-stereo-sans-fil,1,336,0.3%,33.02
https://belmobile.be/products/ecouteur-sport-sans-fil-bluetooth-bt-007-blanc,1,330,0.3%,24.88
https://belmobile.be/products/lecteur-singsing-karaoke-cd-cd-g-portable-effets-led-2-micros-noir,1,327,0.31%,52.53
https://belmobile.be/nl/pages/galaxy-a41-verkopen,1,316,0.32%,34.7
https://belmobile.be/nl/products/x-series-drone-hexacopter-rc-x600-4ch-2-4-g-6-axis-3d-rouler-une-touche-retour,1,305,0.33%,24.81
https://belmobile.be/products/casque-audio-bluetooth-stereo-pliable-sans-fil-billboard-blanc,1,300,0.33%,32.19
https://belmobile.be/nl/products/adaptateur-universel-avec-13-connecteurs-differents-yt-120w-zd-pour-ordinateur-portable,1,290,0.34%,43.95
https://belmobile.be/nl/pages/galaxy-s7-reparatie,1,284,0.35%,36.23
https://belmobile.be/products/souris-optique-gaming-sans-fil-2-4g-k3380-800-dpi,1,274,0.36%,15.76
https://belmobile.be/nl/products/nokia-5-16gb-cuivre,1,273,0.37%,36.47
https://belmobile.be/pages/reparation-iphone-14,1,269,0.37%,8.71
https://belmobile.be/nl/products/pc-portable-hp-laptop-15s-eq2120nb,1,264,0.38%,34.87
https://belmobile.be/products/huawei-y9-2018-32gb-dual-sim,1,261,0.38%,27.85
https://belmobile.be/products/the-council-compilation-fr-pour-ps4,1,261,0.38%,45.62
https://belmobile.be/products/reconditionne-asus-vivobook-s14-s430u-14-i3-8gb-512gb-or-azerty,1,250,0.4%,22.82
https://belmobile.be/products/samsung-galaxy-s22-128go-occasion,1,231,0.43%,14.09
https://belmobile.be/products/bergen-station-meteo-sans-fil-piles-alarme-capteur-exterieur-fourni,1,230,0.43%,16.93
https://belmobile.be/nl/pages/p30-pro-reparatie,1,229,0.44%,42.56
https://belmobile.be/nl/pages/reparation-ipad-mini-6,1,226,0.44%,57.8
https://belmobile.be/nl/products/rixus-lecteur-de-voiture-fm-bluetooth-rx-bt02,1,214,0.47%,9.2
https://belmobile.be/nl/products/gsm-sonica-m1-dual-sim-card-2-camera-bluetooth,1,212,0.47%,29.5
https://belmobile.be/nl/products/weibo-souris-optique-fc-3010-usb-avec-cable,1,205,0.49%,42.69
https://belmobile.be/products/super-mini-oreillette-bluetooth-mains-libres-qcy-q26-micro,1,202,0.5%,30.22
https://belmobile.be/products/adaptateur-wifi-edup-usb-1200-mbps-double-bande-802-11ac,1,201,0.5%,19.96
https://belmobile.be/nl/pages/galaxy-s20-fe-reparatie,1,186,0.54%,50.25
https://belmobile.be/products/adaptateur-chargeur-de-remplacement-19-5v-3-31a-45w-4-5x3-0mm-pour-hp,1,180,0.56%,21.32
https://belmobile.be/nl/products/mini-telephone-portable-noir-bluetooth-gtstar,1,178,0.56%,7.55
https://belmobile.be/pages/revendre-galaxy-a32,1,172,0.58%,11.31
https://belmobile.be/pages/revendre-p-smart-pro-2019,1,170,0.59%,66.99
https://belmobile.be/products/gsm-alcatel-1054d-dual-sim-gris,1,160,0.62%,19.24
https://belmobile.be/products/lg-k10-2017-grade-a,1,159,0.63%,29.32
https://belmobile.be/products/samsung-galaxy-tab-3-lite-7-8gb-wifi?variant=24121201852480&country=BE&currency=EUR&utm_medium=product_sync&utm_source=google&utm_content=sag_organic&utm_campaign=sag_organic,1,154,0.65%,11.05
https://belmobile.be/nl/pages/reparation-watch-series-8-41mm,1,151,0.66%,51.25
https://belmobile.be/nl/products/samsung-galaxy-a6-32gb-black-grade-a,1,150,0.67%,41.04
https://belmobile.be/nl/pages/iphone-14-pro-max-reparatie,1,148,0.68%,35.87
https://belmobile.be/nl/pages/reparation-ipad-air-5,1,147,0.68%,52.8
https://belmobile.be/products/zte-blade-l210-4g-32gb-bleu?variant=40381388423247&country=BE&currency=EUR&utm_medium=product_sync&utm_source=google&utm_content=sag_organic&utm_campaign=sag_organic,1,139,0.72%,9.6
https://belmobile.be/products/camera-digitale-de-securite-int-ext-36-led-8mm-ir-1-3-sony,1,138,0.72%,40.12
https://belmobile.be/nl/products/enceintes-haut-parleur-hy-218-portable-usb-stereo-pour-pc-de-bureau,1,131,0.76%,36.72
https://belmobile.be/products/syma-x8c-venture-quadcopter-2mp-camera-hd-sans-tete-mode-2-4g-rc-rtf-6-axe-gyro-3d-flip-fly,1,131,0.76%,48.89
https://belmobile.be/products/cle-usb-32gb-toshiba,1,127,0.79%,29.1
https://belmobile.be/nl/pages/galaxy-note-10-lite-verkopen,1,127,0.79%,58.9
https://belmobile.be/nl/pages/reparation-galaxy-tab-s8,1,127,0.79%,66.48
https://belmobile.be/nl/pages/galaxy-s8-plus-verkopen,1,125,0.8%,39.3
https://belmobile.be/products/coque-batterie-07p-01-9000-mah-ultra-slim-pour-iphone-7-plus,1,121,0.83%,25.91
https://belmobile.be/products/support-mural-tv-lcd-led-plasma-pivotant-26-55-139cm,1,120,0.83%,21.48
https://belmobile.be/nl/products/oreillette-bluetooth-mains-libres-jabra-bt2045-dorigine-noir,1,118,0.85%,16.96
https://belmobile.be/products/adaptateur-chargeur-de-remplacement-19v-3-42a-65w-3-0x1-1mm-pour-acer,1,117,0.85%,8.85
https://belmobile.be/nl/products/enceintes-haut-parleur-bluetooth-sans-fil-lesenz-wireless-portable,1,117,0.85%,33.28
https://belmobile.be/nl/pages/galaxy-s7-edge-verkopen,1,115,0.87%,28.19
https://belmobile.be/products/coque-etui-guess-rigide-framboise-glitter-hearts-pour-iphone-8-7-6s,1,113,0.88%,32.84
https://belmobile.be/nl/products/gsm-alcatel-1054d-dual-sim-gris,1,112,0.89%,25.65
https://belmobile.be/nl/pages/galaxy-note-20-ultra-verkopen,1,111,0.9%,27.14
https://belmobile.be/collections/telephones/itel,1,109,0.92%,10.3
https://belmobile.be/nl/pages/galaxy-a32-reparatie,1,109,0.92%,41.13
https://belmobile.be/products/coque-batterie-jlw-x2-5000-mah-pour-iphone-x-gris,1,106,0.94%,21.91
https://belmobile.be/collections/jeux-video-consoles,1,103,0.97%,28.73
https://belmobile.be/products/console-playstation-classic-day-one-20-jeux-uk,1,100,1%,12.89
https://belmobile.be/nl/pages/galaxy-a70-verkopen,1,100,1%,59.38
https://belmobile.be/products/repeteur-routeur-sans-fil-tenda-a9-amplificateur-extension-wi-fi,1,99,1.01%,13.4
https://belmobile.be/products/enceinte-haut-parleur-sans-fil-portable-tg-136-bluetooth,1,99,1.01%,24.3
https://belmobile.be/products/tel1-slim-batterie-de-secours-powerbank-12000mah-ultra-fin,1,96,1.04%,17.99
https://belmobile.be/products/ecouteur-sans-fil-bluetooth-yesido-yb-02-universel,1,95,1.05%,7.54
https://belmobile.be/collections/casques-et-ecouteurs,1,95,1.05%,40.45
https://belmobile.be/products/coque-housse-guess-hard-case-saffiano-avec-anneau-pour-iphone-xr,1,92,1.09%,29.52
https://belmobile.be/nl/pages/galaxy-note-10-reparatie,1,90,1.11%,50.54
https://belmobile.be/products/casque-bluetooth-sport-joyroom-jr-u12-sans-fil-intra-auriculaires-avec-micro,1,89,1.12%,14.79
https://belmobile.be/products/adaptateur-chargeur-de-remplacement-universel-avec-10-connecteurs-differents-sy-90-w,1,85,1.18%,20.18
https://belmobile.be/products/pc-protable-hp-pavilion-entertainment-notebook-pc-dv6500,1,85,1.18%,21.13
https://belmobile.be/nl/pages/reparation-ipad-10,1,80,1.25%,44.36
https://belmobile.be/products/ecouteur-mains-libres-sans-fil-bluetooth-pour-sport,1,80,1.25%,45.12
https://belmobile.be/products/samsung-galaxy-tab-a-6-10-1-32-gb-4g-noir-grade-a,1,79,1.27%,21.14
https://belmobile.be/nl/products/coque-housse-guess-hard-case-saffiano-avec-anneau-pour-iphone-xs-max,1,78,1.28%,36.24
https://belmobile.be/pages/reparation-samsung-galaxy-tab-a-8-0-2019,1,75,1.33%,9.71
https://belmobile.be/products/mini-microphone-de-karaoke-portable-remax-rmk-k01,1,74,1.35%,13.32
https://belmobile.be/products/housse-coque-cover-silicone-gel-transparente-samsung-galaxy-s-a-j-note,1,74,1.35%,13.36
https://belmobile.be/nl/products/repeteur-routeur-sans-fil-tenda-a9-amplificateur-extension-wi-fi,1,72,1.39%,12.12
https://belmobile.be/nl/pages/galaxy-z-fold3-reparatie,1,71,1.41%,21.11
https://belmobile.be/pages/reparation-smartphone-xiaomi,1,68,1.47%,10.81
https://belmobile.be/collections/casques-et-ecouteurs?page=2,1,66,1.52%,10.59
https://belmobile.be/products/adaptateur-chargeur-de-remplacement-16v-4-5a-72w-pour-ibm-lenovo,1,66,1.52%,25.2
https://belmobile.be/nl/products/vitre-tactile-de-remplacement-pour-ipad-qualite-aaa,1,66,1.52%,50.5
https://belmobile.be/nl/collections/telephones/itel,1,65,1.54%,26.66
https://belmobile.be/nl/pages/xiaomi-reparatie-brussel,1,62,1.61%,9.18
https://belmobile.be/pages/reparation-iphone-16,1,62,1.61%,9.85
https://belmobile.be/products/remax-rc-035i-cable-lightning-chargeur-usb-1m-iphone-ipad,1,61,1.64%,20.57
https://belmobile.be/nl/pages/galaxy-a32-verkopen,1,59,1.69%,26
https://belmobile.be/products/enceintes-haut-parleur-sans-fil-v4-2-t-g-tg109-portable-bluetooth,1,57,1.75%,10.14
https://belmobile.be/products/xiaomi-mi-m365-scooter-trottinette-electrique-pliable-eabs?variant=21658857865280&country=BE&currency=EUR&utm_medium=product_sync&utm_source=google&utm_content=sag_organic&utm_campaign=sag_organic,1,55,1.82%,6.8
https://belmobile.be/pages/revendre-samsung-galaxy-a25,1,54,1.85%,9.13
https://belmobile.be/nl/pages/samsung-galaxy-a73-reparatie,1,51,1.96%,20.88
https://belmobile.be/nl/products/adaptateur-chargeur-de-remplacement-20v-4-5a-90w-usb-pour-lenovo-thinkpad,1,51,1.96%,21.73
https://belmobile.be/nl/products/samsung-a52s-128go-occasion,1,49,2.04%,18.27
https://belmobile.be/nl/pages/galaxy-z-fold-verkopen,1,47,2.13%,17.89
https://belmobile.be/nl/products/adaptateur-chargeur-de-remplacement-universel-avec-10-connecteurs-differents-sy-90-w,1,46,2.17%,15.5
https://belmobile.be/pages/reparation-ipad-pro-12-9-2021,1,42,2.38%,10.21