Pays,Clics,Impressions,CTR,Position
Belgique,59303,1843673,3.22%,14.5
France,16251,694106,2.34%,11.72
Maroc,693,28872,2.4%,14.29
Pays-Bas,403,43672,0.92%,33.58
Tunisie,387,17774,2.18%,13.51
Espagne,345,23813,1.45%,25.62
Algérie,299,17981,1.66%,14.3
Luxembourg,290,7438,3.9%,11.64
République démocratique du Congo,223,10738,2.08%,7.27
Allemagne,199,45688,0.44%,38.79
Italie,163,21160,0.77%,33.33
Réunion (Île de la),161,6157,2.61%,9.06
Suisse,158,10030,1.58%,19.78
Côte d'Ivoire,157,9875,1.59%,8.96
Canada,148,30005,0.49%,35.35
Martinique,123,3032,4.06%,8.86
États-Unis,121,349658,0.03%,33.25
Cameroun,120,7238,1.66%,11.22
Bénin,117,5617,2.08%,6.97
Guadeloupe,116,3203,3.62%,9.13
Portugal,107,5938,1.8%,20.11
Turquie,93,17559,0.53%,35.71
Royaume-Uni,84,64414,0.13%,40.72
Sénégal,84,7992,1.05%,11.11
Guinée,79,3876,2.04%,8.11
Madagascar,65,3297,1.97%,8.95
Grèce,62,3903,1.59%,27.66
Thaïlande,53,5135,1.03%,28.4
Pologne,52,7676,0.68%,38.4
Congo-Brazzaville,49,3664,1.34%,9.4
Guyane française,48,1510,3.18%,8.99
Roumanie,43,5334,0.81%,34.86
Burkina Faso,42,3624,1.16%,10.66
Maurice (Île),41,1939,2.11%,20.87
Togo,35,2508,1.4%,13.07
Japon,32,7997,0.4%,37.45
Mali,32,2840,1.13%,8.4
Israël,30,3807,0.79%,32.59
Niger,30,1385,2.17%,7.77
Égypte,29,8162,0.36%,36.94
Gabon,29,2584,1.12%,11.49
Philippines,23,8895,0.26%,39.26
Australie,23,5810,0.4%,38.24
Inde,22,41236,0.05%,42.38
Indonésie,22,11851,0.19%,38.58
Haïti,21,2864,0.73%,7.44
Mayotte,21,673,3.12%,10.39
Suède,20,4993,0.4%,39.88
Russie,18,45482,0.04%,43.78
Irlande,18,5358,0.34%,35.73
Tchad,18,1492,1.21%,9.54
Pakistan,17,9223,0.18%,36.88
Autriche,17,2153,0.79%,31.89
Hong-Kong,17,1497,1.14%,36.32
Malaisie,16,9581,0.17%,41.35
Polynésie française,16,937,1.71%,8.9
Brésil,15,213504,0.01%,35.14
Ukraine,15,10685,0.14%,41.18
Émirats Arabes Unis,15,3962,0.38%,33.59
Corée du Sud,14,35352,0.04%,46.1
Région inconnue,14,3410,0.41%,36.5
République Dominicaine,13,2936,0.44%,31.56
Danemark,13,2166,0.6%,41.54
Albanie,13,1499,0.87%,28.13
Mauritanie,13,802,1.62%,9.13
Djibouti,13,770,1.69%,8.63
Chine,13,525,2.48%,26.48
Mexique,12,15174,0.08%,37.69
Vietnam,11,27597,0.04%,42.75
Bulgarie,11,2768,0.4%,38.02
Burundi,11,519,2.12%,8.83
République tchèque,10,1958,0.51%,37.52
Bolivie,10,1410,0.71%,31.06
Finlande,10,1315,0.76%,37.37
Colombie,9,6870,0.13%,37.12
Hongrie,9,2362,0.38%,32.55
Croatie,9,1026,0.88%,28.23
Ghana,9,671,1.34%,27.57
Monaco,9,458,1.97%,15.68
Argentine,8,16724,0.05%,35.73
Afrique du Sud,8,8546,0.09%,38.11
Taïwan,8,7967,0.1%,45.42
Nouvelle-Calédonie,8,858,0.93%,8.15
Angola,8,727,1.1%,31.1
Norvège,7,2096,0.33%,34.83
Serbie,7,1892,0.37%,36.26
Panama,7,1255,0.56%,32.88
Nigéria,7,1220,0.57%,30.13
Slovénie,7,712,0.98%,29.15
Comores (Archipel),7,645,1.09%,6.5
Rwanda,7,438,1.6%,19.69
Bosnie-Herzégovine,6,1290,0.47%,34.3
Liban,6,1119,0.54%,23.22
Macédoine,6,581,1.03%,34.32
Surinam,6,510,1.18%,18.48
Malte,6,468,1.28%,19.88
Arabie Saoudite,5,8896,0.06%,39.63
Singapour,5,4337,0.12%,40.77
Kenya,5,2414,0.21%,37.26
Costa Rica,5,1316,0.38%,32.58
Chypre,5,1129,0.44%,37.03
Moldavie,5,969,0.52%,34.59
Sri Lanka,5,690,0.72%,31.23
République Centrafricaine,5,255,1.96%,6.2
Équateur,4,8160,0.05%,36.04
Lituanie,4,2983,0.13%,44.05
Biélorussie,4,2305,0.17%,39.59
Libye,4,494,0.81%,21.39
Estonie,4,390,1.03%,34.24
Andorre,4,212,1.89%,20.94
Saint-Martin,4,107,3.74%,11.19
Guinée-Bissau,4,105,3.81%,8.39
Ouzbékistan,3,4064,0.07%,37.43
Iran,3,2609,0.11%,39.46
Oman,3,1262,0.24%,36.45
Lettonie,3,1074,0.28%,40.01
Cambodge,3,664,0.45%,32.05
Cap-Vert,3,276,1.09%,20.17
Liberia,3,83,3.61%,11.53
Bangladesh,2,9503,0.02%,38.18
Venezuela,2,5504,0.04%,36.33
Chili,2,3901,0.05%,36.93
Pérou,2,3766,0.05%,37.16
Népal,2,3076,0.07%,40
Azerbaïdjan,2,1750,0.11%,36.14
Géorgie,2,1136,0.18%,38.98
Slovaquie,2,965,0.21%,30.07
Syrie,2,948,0.21%,34.74
Arménie,2,671,0.3%,34.21
Tanzanie,2,414,0.48%,25.47
Ouganda,2,297,0.67%,26.27
Islande,2,225,0.89%,25.73
Kosovo,2,213,0.94%,21.69
Mozambique,2,174,1.15%,29.75
Maldives,2,139,1.44%,36.37
Namibie,2,122,1.64%,32.07
Cuba,2,109,1.83%,17.25
Sahara oriental,2,92,2.17%,15.58
Guinée équatoriale,2,66,3.03%,9.26
Liechtenstein,2,13,15.38%,16.54
Jordanie,1,4184,0.02%,37.88
Jamaïque,1,1858,0.05%,39.04
Kirghizistan,1,853,0.12%,36.07
Éthiopie,1,807,0.12%,36.58
Laos,1,214,0.47%,29.23
Zambie,1,183,0.55%,26.26
Botswana,1,163,0.61%,35.65
Bermudes,1,148,0.68%,40.95
Curaçao,1,136,0.74%,30.17
Gambie,1,134,0.75%,14.48
Zimbabwe,1,124,0.81%,40.34
Sint Maarten,1,75,1.33%,32.56
Afghanistan,1,72,1.39%,18.81
Saint-Pierre-et-Miquelon,1,25,4%,8.52
Wallis-et-Futuna,1,18,5.56%,7.56
Irak,0,8297,0%,38.52
Paraguay,0,2794,0%,35.06
Kazakhstan,0,2620,0%,38.75
Uruguay,0,2576,0%,34.21
Trinité-et-Tobago,0,2189,0%,41.99
Barbade (La),0,1287,0%,42.67
Palestine,0,1180,0%,33.63
Koweït,0,1111,0%,37.14
Honduras,0,1067,0%,36.84
Nouvelle-Zélande,0,1020,0%,37.65
Guatemala,0,943,0%,34.2
Qatar,0,876,0%,32.56
Bahreïn,0,849,0%,39.28
Myanmar (Birmanie),0,831,0%,37.56
Bahamas,0,638,0%,40.34
El Salvador,0,604,0%,35.79
Nicaragua,0,551,0%,32.8
Porto Rico,0,503,0%,39.04
Guyane,0,362,0%,37.24
Mongolie,0,349,0%,41.65
Seychelles,0,337,0%,40.62
Brunei,0,264,0%,35.19
Belize,0,257,0%,40.58
Monténégro,0,220,0%,26.1
Sainte-Lucie,0,186,0%,39.12
Grenade,0,165,0%,40.95
Caïmans (Îles),0,153,0%,42.29
Somalie,0,152,0%,33.24
Saint-Christophe-et-Niévès,0,142,0%,40.89
Yémen,0,127,0%,38.24
Saint-Vincent-et-les-Grenadines,0,113,0%,41.43
Antigua-et-Barbuda,0,101,0%,37.83
Aruba,0,91,0%,31.58
Sierra Leone,0,87,0%,24.62
Malawi,0,81,0%,32.06
Îles Vierges britanniques,0,78,0%,42.38
Man (Île),0,75,0%,36.72
Jersey,0,68,0%,44.53
Tadjikistan,0,67,0%,39.39
Dominique,0,62,0%,38.19
Îles Turks-et-Caïcos,0,56,0%,37.25
Macao,0,55,0%,35.22
Saint-Barthélemy,0,47,0%,9.23
Fidji,0,41,0%,35.24
Turkménistan,0,33,0%,38.91
Guernesey,0,32,0%,38.88
Lesotho,0,31,0%,39.55
Gibraltar,0,30,0%,41.7
Soudan du Sud,0,25,0%,20.56
Faroe (Îles),0,25,0%,36.68
Swaziland,0,21,0%,31.52
Pays-Bas caribéens,0,18,0%,39
Guam,0,18,0%,42.67
Îles Vierges américaines,0,17,0%,42.88
Vanuatu,0,15,0%,14.33
Bhutan,0,15,0%,32.47
Groenland,0,15,0%,35.13
Soudan,0,14,0%,12.29
Anguilla,0,13,0%,45.77
Sao Tomé-et-Principe,0,10,0%,9.9
Saint-Marin,0,9,0%,28.78
Îles Åland,0,8,0%,20.12
Papouasie-Nouvelle Guinée,0,7,0%,25.14
Montserrat,0,4,0%,31
Sainte-Hélène,0,4,0%,46
Antarctique,0,3,0%,15.67
Micronésie,0,3,0%,41.33
Palau,0,3,0%,41.67
Îles Falkland (Malouines),0,2,0%,13
Solomon (Îles),0,2,0%,28.5
Nauru,0,2,0%,42
Timor oriental,0,2,0%,42
Cook (Îles),0,2,0%,44
Marshall (Îles),0,2,0%,55
Érythrée,0,1,0%,5
Corée du Nord,0,1,0%,9
Svalbard et Jan Mayen,0,1,0%,29