Requêtes les plus fréquentes,Clics,Impressions,CTR,Position
belmobile,1456,4294,33.91%,1.21
réparation écran iphone 11 prix,614,17879,3.43%,6.13
prix reparation ecran iphone 11,350,9134,3.83%,4.78
boitier iptv,342,11445,2.99%,10.82
reparation telephone bruxelles,238,6541,3.64%,2.56
iptv boitier,222,8998,2.47%,9.5
mini gsm,204,8098,2.52%,3.81
reparation iphone 11,204,2767,7.37%,9.15
réparation écran iphone x prix,197,4487,4.39%,3.74
iptv box,167,8489,1.97%,7.7
prix reparation iphone 11,166,1172,14.16%,2.16
prix changement ecran iphone 11,151,4960,3.04%,6.02
réparation iphone 11 prix,133,1605,8.29%,3.73
iphone 11 scherm vervangen prijs,132,3347,3.94%,3.61
ecran iphone 11,131,6903,1.9%,14.2
reparation manette ps5,131,2726,4.81%,7.22
revendre son iphone belgique,128,868,14.75%,2.13
revendre son pc belgique,128,546,23.44%,2.38
prix ecran iphone 11,122,5546,2.2%,7.98
a1466,122,3429,3.56%,16.04
vitre arrière iphone 11 réparation prix,122,2639,4.62%,5.36
decodeur iptv,116,4352,2.67%,8.8
reparation ecran iphone 11,110,1397,7.87%,12.05
macbook air a1466,98,7468,1.31%,25.92
réparation caméra arrière iphone 13 prix,91,4174,2.18%,6.47
revendre son iphone,89,2591,3.43%,10.4
box iptv,88,2571,3.42%,6.11
réparation écran iphone 12 prix,86,5088,1.69%,9.76
réparation vitre arrière iphone 12 prix,86,3013,2.85%,10.24
combien coute la reparation d'un iphone 11,84,971,8.65%,2.23
reprise iphone,83,4100,2.02%,17.91
réparation vitre arrière iphone 13 prix,80,2474,3.23%,9.55
iphone 12 scherm reparatie prijs,79,943,8.38%,14
reparation ecran iphone,78,3859,2.02%,10.02
réparation écran iphone se 2020 prix,78,1390,5.61%,4.74
reparation ps5,77,2520,3.06%,9.62
prix remplacement ecran iphone 11,77,1479,5.21%,5.6
réparation écran iphone 14 pro prix,73,1830,3.99%,7.13
remplacement ecran iphone 11,73,913,8%,8.29
hp hq-tre 71025 fiche technique,72,878,8.2%,4.23
prix reparation vitre arriere iphone 11,72,718,10.03%,3.64
réparation écran iphone 13 prix,71,4333,1.64%,8.72
reparation ps5 bruxelles,71,282,25.18%,2.59
boitier iptv prix,70,1272,5.5%,5.99
hp hq-tre 71025,66,2687,2.46%,8.44
bel mobile,66,378,17.46%,4.04
réparation écran iphone 11 prix pas cher,64,3416,1.87%,9.4
revendre iphone,64,2215,2.89%,22.54
réparation vitre arrière iphone 11 prix,63,1894,3.33%,5.61
iptv prix boitier,62,1691,3.67%,5.66
vendre iphone,62,1607,3.86%,12.2
rachat vieux gsm,62,937,6.62%,5.23
réparation écran iphone 14 prix,61,3081,1.98%,6.97
imaq iptv,61,972,6.28%,5.36
ecran iphone 13,60,2957,2.03%,10.3
reparation iphone 11 prix,60,451,13.3%,2.37
rachat iphone,59,2972,1.99%,18.61
prix réparation iphone 11,59,626,9.42%,2.93
macbook a1466,57,1842,3.09%,26.1
changer ecran iphone 11,57,1713,3.33%,13.88
reparation hdmi ps5,57,384,14.84%,24.88
réparation ps5 belgique,56,466,12.02%,2.85
prix ecran iphone 13,55,2028,2.71%,8.21
smartwatch verkopen,55,368,14.95%,10.46
changement ecran iphone 11,54,1135,4.76%,11.44
reparation iphone,53,4516,1.17%,24.55
décodeur iptv wifi,53,1552,3.41%,5.92
iptv,52,13392,0.39%,9.4
hp hq tre 71025,52,2388,2.18%,14.46
prix batterie iphone 11,52,676,7.69%,8.95
prix réparation écran iphone 11,51,1042,4.89%,4.82
réparation caméra arrière iphone 11 prix,49,1052,4.66%,2.67
ecran s22 ultra,49,869,5.64%,13.03
rachat telephone,48,776,6.19%,10.4
réparation téléphone bruxelles,47,921,5.1%,2.59
réparation iphone 11,46,2032,2.26%,9.09
ecran iphone 14 pro max,46,1521,3.02%,13.91
réparation écran ipad prix,46,858,5.36%,8.01
reparation manette xbox,46,279,16.49%,11.3
belmobile anderlecht,46,263,17.49%,1.03
belmobil,46,179,25.7%,1.92
prix reparation camera iphone 13,44,729,6.04%,3.89
réparation manette ps5 belgique,44,310,14.19%,2.15
vendre son iphone,43,1862,2.31%,14.36
ecran samsung s23 ultra,43,948,4.54%,13.4
reparation ecran iphone 11 prix,43,770,5.58%,4.14
zte blade l210,42,2113,1.99%,9.81
prix reparation ecran iphone x,42,934,4.5%,3.92
prix changement batterie iphone 13,41,1180,3.47%,7.79
iphone 13 scherm reparatie kosten,41,936,4.38%,8.39
rachat gsm belgique,40,252,15.87%,3
rachat iphone belgique,40,213,18.78%,2.56
iphone 11 scherm vervangen,39,3499,1.11%,18.48
boitier iptv wifi,39,1421,2.74%,6.93
réparation téléphone bruxelles pas cher,39,915,4.26%,1.88
téléphone portable,38,9778,0.39%,11.04
iptv bruxelles,38,2023,1.88%,7.81
réparation écran iphone 11,38,829,4.58%,16.27
nieuw scherm iphone 11,37,1078,3.43%,13.84
réparation manette ps5 prix,37,853,4.34%,8.9
batterie iphone 11 prix,37,586,6.31%,10.02
reprise smartphone belgique,37,309,11.97%,7.44
ecran iphone xr,36,2680,1.34%,23.83
réparation écran samsung s22 ultra prix,36,1703,2.11%,9.83
décodeur tiger,36,497,7.24%,1.17
prix reparation camera iphone 11,36,381,9.45%,1.81
revendre iphone belgique,36,211,17.06%,2.12
revendre smartphone belgique,36,165,21.82%,3.02
telecommande iptv,35,6351,0.55%,8.38
réparation écran iphone 14 pro max prix,35,1363,2.57%,9.1
réparation écran iphone xs prix,35,1100,3.18%,7.13
réparation écran z flip 4 prix,35,1048,3.34%,9.3
boîtier iptv,35,861,4.07%,7.99
ecran s23 ultra,35,810,4.32%,15.85
reparation iphone 13,35,642,5.45%,9.07
remplacer ecran iphone 11,35,552,6.34%,8.54
remplacement batterie iphone,34,2976,1.14%,11.07
prix reparation iphone 13,34,808,4.21%,7.59
réparation manette ps5,34,783,4.34%,8.15
réparation écran samsung s23 ultra prix,34,673,5.05%,7.01
ecran samsung s22 ultra,34,647,5.26%,14.76
réparation vitre arrière iphone 14 pro max prix,34,575,5.91%,7.55
changer batterie iphone 12 prix,33,1749,1.89%,11.25
écran iphone 13 prix,32,1309,2.44%,5.87
a1466 macbook air,32,953,3.36%,13.44
reparateur ps5,32,677,4.73%,11.58
magasin telephone bruxelles,31,1368,2.27%,7.24
réparation smartphone bruxelles,31,748,4.14%,3.38
reparer ecran iphone 11 prix,31,692,4.48%,5.63
reparation nintendo 3ds,31,505,6.14%,22.12
reparation ecran iphone 13,31,454,6.83%,5.64
prix reparation iphone 14 pro max,31,353,8.78%,6.47
prix réparation connecteur de charge iphone 11,31,341,9.09%,11.25
réparation écran iphone 15 prix,30,1447,2.07%,9.42
iptv boitier prix,30,1311,2.29%,6.68
"iptv, boîtier",30,792,3.79%,4.76
ecran iphone 13 pro max,30,670,4.48%,6.16
reprise iphone belgique,30,560,5.36%,7.25
combien coute la reparation de l'écran iphone 11,30,553,5.42%,2.85
reparer iphone 11,30,364,8.24%,14.41
prix reparation iphone x,30,280,10.71%,2.69
écran cassé samsung prix,29,3291,0.88%,9.73
écran iphone 11 prix,29,2190,1.32%,7.99
batterie iphone 12 mini,29,1905,1.52%,16.19
réparation vitre arrière iphone 13 pro prix,29,408,7.11%,9.54
reparation camera arriere iphone 11,29,253,11.46%,7.55
imaq 820 iptv,29,168,17.26%,2.9
reparation telephone,28,7438,0.38%,9.3
prix reparation ecran iphone 13,28,1316,2.13%,7.86
remplacement batterie iphone se 2020 prix,28,859,3.26%,6.48
réparation gsm bruxelles,28,768,3.65%,3.68
réparation ps5 à proximité,28,711,3.94%,5.8
changer écran samsung a14 prix,28,659,4.25%,3.83
iphone 11 oplaadpoort vervangen kosten,28,474,5.91%,9.94
réparation écran tablette samsung prix,28,441,6.35%,8.27
remplacement batterie iphone 11,28,410,6.83%,15.69
reparation montre connectée,28,246,11.38%,15.21
reprise macbook,27,1376,1.96%,23.56
réparation ps5,27,1182,2.28%,11.82
réparation écran iphone 11 pro prix,27,355,7.61%,9.45
revendre pc portable,27,319,8.46%,20.53
prix ecran iphone 12,27,287,9.41%,7.6
réparation iphone,26,5238,0.5%,32.15
scherm iphone 11 vervangen,26,2593,1%,9.23
iphone 13 verkopen,26,2362,1.1%,10.95
ecran iphone 11 pro,26,917,2.84%,28.32
ecran iphone 14 pro,26,730,3.56%,21.24
remplacement lentille iphone 11 prix,26,653,3.98%,3.49
reprise iphone 15,26,467,5.57%,7.58
reprise iphone 16,26,185,14.05%,5.51
reparation iphone bruxelles,25,1337,1.87%,6.48
reprise iphone 11,25,1142,2.19%,22.07
apple a1466,25,671,3.73%,10.28
iphone occasion bruxelles,25,452,5.53%,4.87
réparation écran samsung z flip 5 prix,25,445,5.62%,8.47
vendre iphone 15,25,380,6.58%,11.29
revendre iphone 15,25,328,7.62%,9.43
réparation manette xbox,25,229,10.92%,14.5
rachat smartphone belgique,25,185,13.51%,6.96
reparation ps5 port hdmi,25,98,25.51%,6.6
prix reparation iphone 15,25,91,27.47%,7.33
gsm,24,26006,0.09%,17.71
ecran iphone x,24,1808,1.33%,18
changer batterie iphone 11,24,717,3.35%,13.74
tiger star,24,700,3.43%,3.72
prix ecran iphone 14 pro,24,626,3.83%,7.66
réparation écran s23 ultra prix,24,606,3.96%,8.69
rachat iphone 16,24,169,14.2%,7.87
vendre iphone 16,24,133,18.05%,3.37
carte mere iphone 11,24,111,21.62%,2.03
prix changement batterie iphone 11,23,1455,1.58%,15.06
ecran iphone 12 pro max,23,1378,1.67%,20.58
remplacement lentille iphone 13 prix,23,1341,1.72%,7.76
reprise gsm,23,1285,1.79%,18.18
prix reparation iphone,23,768,2.99%,11.45
vendre iphone 11,23,510,4.51%,16.92
combien coute la reparation de l'arriere d'un iphone 11,23,418,5.5%,4.95
batterie iphone 13 prix,23,395,5.82%,6.37
reparation ecran samsung s23 ultra,23,325,7.08%,8.42
reparation ecran iphone 14,23,320,7.19%,4.98
reparer ecran iphone 11,23,318,7.23%,12.25
revendre son telephone,23,296,7.77%,8.51
réparation port hdmi ps5 prix,23,283,8.13%,9.92
réparation playstation 5,22,1508,1.46%,5.95
revendre iphone 11,22,1051,2.09%,16.79
magasin iptv bruxelles,22,968,2.27%,5.4
reparation iphone 12,22,392,5.61%,11.52
remplacement batterie iphone 12 mini,22,295,7.46%,12.67
reparation ecran s22 ultra,22,162,13.58%,8.4
prix ecran samsung s23 ultra,22,138,15.94%,5.41
iphone 11 scherm reparatie,21,3813,0.55%,36.65
magasin de telephone bruxelles,21,1362,1.54%,6.05
oplaadpoort iphone vervangen kosten,21,1267,1.66%,8.1
prix ecran iphone 14,21,1127,1.86%,7.52
iphone reconditionné bruxelles,21,964,2.18%,5.49
réparation écran iphone 13 pro max prix,21,898,2.34%,9.42
réparation vitre arrière iphone 12 pro prix,21,785,2.68%,9.64
prix changement écran iphone 11,21,728,2.88%,7.19
vendre telephone,21,690,3.04%,31.61
reparateur telephone bruxelles,21,620,3.39%,2.15
combien pour reparer un ecran iphone 11,21,596,3.52%,3.53
ecran iphone 12 pro,21,535,3.93%,24.68
prix remplacement batterie iphone,21,517,4.06%,7
remplacement ecran iphone xr,21,438,4.79%,24.91
remplacement ecran iphone 13,21,402,5.22%,7.44
cout reparation iphone 11,21,195,10.77%,2.89
samsung s22 ultra scherm vervangen,21,187,11.23%,23.87
mini telefoon,20,1768,1.13%,8.64
prix changement ecran iphone 13,20,1074,1.86%,7.67
réparation écran iphone 12 pro max prix,20,1006,1.99%,9.57
revente iphone,20,939,2.13%,21.47
reparation apple watch,20,935,2.14%,35.12
prix reparation vitre arriere iphone 12,20,821,2.44%,10.1
rachat gsm,20,688,2.91%,8.02
vendre mon iphone,20,638,3.13%,13.19
reprise iphone 13,20,575,3.48%,9.91
reparation de telephone bruxelles,20,503,3.98%,2.92
tarif ecran iphone 11,20,460,4.35%,6.09
combien coute une reparation d'ecran iphone 11,20,420,4.76%,3.39
remplacement écran iphone 11,20,271,7.38%,8.6
réparation écran s23 ultra,20,190,10.53%,11.17
reparation camera iphone 11,20,172,11.63%,4.7
grossiste telephone,20,152,13.16%,11.18
bel mobil,20,55,36.36%,2.04
réparation iphone bruxelles,19,2587,0.73%,6.93
changement batterie iphone,19,1084,1.75%,9.58
prix vitre iphone 11,19,860,2.21%,4.92
ecran iphone 12 mini,19,614,3.09%,22.78
iphone 14 pro verkopen,19,549,3.46%,15.61
reprise iphone 15 pro max,19,493,3.85%,21.6
prix reparation ecran iphone 12 mini,19,491,3.87%,6.22
batterie iphone 12 prix,19,484,3.93%,11.85
changer batterie iphone 12 mini,19,430,4.42%,14.51
écran samsung s23 ultra prix,19,354,5.37%,7.94
vendre son pc,19,319,5.96%,20.36
samsung s23 ultra scherm reparatie,19,294,6.46%,13.68
iphone 11 scherm reparatie goedkoop,19,261,7.28%,12.9
reparation iphone 11 ecran,19,215,8.84%,7.05
klipad hybride 2 en 1,19,173,10.98%,5.27
reparation telephone prix,19,161,11.8%,5.12
réparation écran z flip 5,19,161,11.8%,6.55
reparation iphone 11 pro max,19,102,18.63%,9.46
reparation 3ds,19,94,20.21%,19.41
revendre apple watch,18,1254,1.44%,22.11
reparation iphone x,18,1135,1.59%,22.61
huawei bruxelles,18,913,1.97%,6.05
changement de batterie apple prix,18,868,2.07%,6.99
réparation vitre iphone prix,18,868,2.07%,14.99
rachat de telephone,18,667,2.7%,37.09
changer ecran iphone 13,18,587,3.07%,8.5
iphone 15 verkopen,18,548,3.28%,7.72
prix changement d'écran iphone 11,18,495,3.64%,4.59
prix remplacement ecran iphone 13,18,388,4.64%,6.52
prix batterie iphone 12,18,388,4.64%,10.85
vendre iphone 13,18,377,4.77%,12.4
prix changement ecran iphone se 2020,18,360,5%,6.72
vendre ordinateur portable,18,323,5.57%,20.9
combien coute une reparation de telephone iphone 11,18,288,6.25%,2.33
réparation iphone x prix,18,220,8.18%,2.55
vendre smartphone,18,214,8.41%,19.36
ecran s23 ultra reparation,18,136,13.24%,4.85
prix pour reparer un iphone 11,18,89,20.22%,1.21
mini telephone,17,2892,0.59%,7.49
changer batterie iphone,17,1595,1.07%,10.56
réparation écran iphone xr prix,17,1089,1.56%,10.46
prix changement batterie iphone 12,17,947,1.8%,12.29
reparer ecran iphone,17,944,1.8%,7.18
iphone 12 batterij vervangen prijs,17,925,1.84%,7.42
réparation écran iphone 12 mini prix,17,879,1.93%,8.1
nintendo 3ds reparatie,17,767,2.22%,31.16
changer ecran iphone 11 prix,17,725,2.34%,8.11
estimation reprise samsung,17,614,2.77%,25.58
vendre son telephone,17,600,2.83%,32.15
reprise smartphone,17,541,3.14%,13.45
samsung a14 scherm vervangen,17,448,3.79%,12.15
rachat smartphone,17,414,4.11%,28.9
rachat macbook,17,401,4.24%,21.01
ou revendre son iphone,17,400,4.25%,15.15
remplacement batterie iphone se 2020,17,381,4.46%,10.52
prix ecran iphone xr,17,346,4.91%,19.66
réparation écran samsung s20 prix,17,323,5.26%,14.85
réparation ps5 hdmi,17,302,5.63%,26.87
revente smartphone,17,197,8.63%,11.69
scherm s22 ultra vervangen,17,196,8.67%,21.3
reparation iphone 12 pro max,17,124,13.71%,11.54
changer camera iphone 13,17,121,14.05%,5.25
réparation 3ds,17,110,15.45%,16.97
prix reparation ecran iphone 12,16,1553,1.03%,9.52
ecran iphone 11 pro max,16,1513,1.06%,21.23
réparation écran gsm prix,16,1117,1.43%,8.81
prix changer ecran iphone 11,16,1112,1.44%,7.53
combien coute un ecran iphone 11,16,1091,1.47%,8.04
appareil iptv,16,979,1.63%,8.51
reparation smartphone,16,910,1.76%,12.69
prix changement batterie galaxy watch,16,694,2.31%,9.87
hp hq-tre 71025 boeblingen germany,16,654,2.45%,10.57
klipad tablet,16,646,2.48%,6.57
smartwatch pro,16,566,2.83%,11.09
magasin téléphone bruxelles,16,552,2.9%,8.54
prix reparation ecran iphone 14,16,545,2.94%,7.78
ecran z flip 4,16,488,3.28%,23.4
réparation caméra iphone 11 prix,16,334,4.79%,2.76
reparation vitre arriere iphone 13,16,319,5.02%,9.16
reparation ecran iphone 15,16,301,5.32%,7.73
vendre iphone 14,16,297,5.39%,13.43
reparation ecran iphone xr,16,271,5.9%,13.76
réparation nintendo switch belgique,16,259,6.18%,4.63
prix reparation ecran iphone se 2020,16,250,6.4%,5.84
scherm samsung s22 ultra,16,219,7.31%,8.36
telephone occasion bruxelles,16,188,8.51%,5.7
revente iphone 13,16,185,8.65%,7.61
prix reparation iphone 12 mini,16,181,8.84%,5.82
reparation iphone 14,16,174,9.2%,5.59
batterie iphone 12 pro prix,16,141,11.35%,9.79
réparation xbox series x,16,126,12.7%,8.82
reparer camera iphone 11,16,124,12.9%,8.92
reparation iphone 13 pro max,16,116,13.79%,12.27
réparation ordinateur bruxelles,15,1678,0.89%,8.83
reprise iphone 14 pro,15,1259,1.19%,23.08
prix changement batterie iphone se 2020,15,702,2.14%,7.3
réparation iphone 13 prix,15,682,2.2%,8.52
revendre ordinateur portable,15,659,2.28%,32.95
prix pour changer un ecran iphone 11,15,583,2.57%,4.56
remplacement écran iphone 11 prix,15,527,2.85%,7.51
recepteur tiger,15,450,3.33%,4.95
revendre telephone,15,434,3.46%,23.11
samsung z flip 4 écran cassé prix,15,398,3.77%,9.27
prix changement ecran iphone 14 pro,15,326,4.6%,6.09
ou vendre son iphone,15,273,5.49%,14.11
reprise ordinateur portable,15,262,5.73%,16.28
combien coute la reparation d un iphone 11,15,213,7.04%,2.97
iphone 11 reparation,15,192,7.81%,10.64
reprise iphone 16 pro max,15,189,7.94%,8.78
meilleur site pour revendre son téléphone,15,177,8.47%,29.64
reparation iphone 14 pro,15,148,10.14%,6.76
gsm occasion bruxelles,15,144,10.42%,1.92
remplacement ecran s22 ultra,15,87,17.24%,5.55
belmobile avis,15,63,23.81%,1.02
reprise montre connectée,15,63,23.81%,8.06
télécommande iptv,14,2165,0.65%,10.07
batterie iphone 11,14,1665,0.84%,10.85
reprise iphone 13 pro max,14,1639,0.85%,12.36
reparation ecran samsung,14,1218,1.15%,16.4
prix reparation vitre arriere iphone 13,14,1154,1.21%,9.68
magasin informatique bruxelles,14,1114,1.26%,12.75
ecran iphone xs,14,1104,1.27%,22.52
magasin iptv,14,766,1.83%,6.67
iphone 12 scherm vervangen,14,729,1.92%,10.28
apple réparation prix,14,706,1.98%,13.24
samsung s23 verkopen,14,695,2.01%,21.45
reparation nintendo switch,14,672,2.08%,20.57
smartphone pas cher belgique,14,671,2.09%,10.62
revendre son pc,14,652,2.15%,26.66
batterie iphone se 2020,14,649,2.16%,24.79
prix changement vitre iphone 11,14,573,2.44%,7.29
combien coute reparation ecran iphone 11,14,507,2.76%,5.62
prix réparation ps5,14,490,2.86%,8.24
réparation écran iphone 11 pro max prix,14,430,3.26%,9
vendre ipad,14,375,3.73%,19.07
remplacement batterie iphone 13 mini,14,360,3.89%,10.55
reparation vitre arriere iphone 12,14,329,4.26%,10.82
revente ordinateur portable,14,324,4.32%,26.34
remplacement batterie ipad prix,14,318,4.4%,11.39
prix remplacement écran iphone 11,14,301,4.65%,5.46
vitre arriere iphone 14 pro max,14,290,4.83%,8.78
reparation ecran iphone 14 pro,14,277,5.05%,7.94
réparation écran xiaomi prix,14,268,5.22%,18.92
prix reparation iphone 12,14,252,5.56%,10.17
écran z flip 4 prix,14,248,5.65%,22.79
réparation écran s22 ultra prix,14,245,5.71%,9.42
changer batterie s22 prix,14,239,5.86%,8.42
prix réparation charnière z flip 4,14,233,6.01%,10.8
réparation écran samsung s21 prix,14,213,6.57%,12.8
ecran iphone 11 reparation,14,201,6.97%,11.94
réparation hdmi ps5,14,195,7.18%,45.24
iphone 13 scherm vervangen prijs,14,137,10.22%,7.23
changer connecteur de charge iphone 13 prix,14,110,12.73%,9.63
revendre iphone 15 pro max,14,106,13.21%,13.29
reparation face arriere iphone 14 pro max,14,77,18.18%,4.35
reparation micro iphone 11,14,42,33.33%,6.17
gsm kopen,13,2559,0.51%,43.46
combien coute la reparation de l'arriere d'un iphone 12,13,1780,0.73%,8.26
batterie iphone x,13,1094,1.19%,22.21
reparation ecran iphone x,13,1075,1.21%,19.35
changer batterie iphone x,13,878,1.48%,23.78
revendre smartphone,13,872,1.49%,20.24
reparateur playstation 5,13,797,1.63%,9.86
s22 ultra scherm reparatie,13,752,1.73%,55.62
iphone 11 batterij vervangen kosten,13,666,1.95%,18.1
réparation écran iphone xr prix pas cher,13,636,2.04%,10.65
prix de reparation ecran iphone 11,13,629,2.07%,4.25
changement ecran iphone 11 prix,13,591,2.2%,6.91
réparation écran z fold 3 prix,13,562,2.31%,8.1
reparation telephone anderlecht,13,535,2.43%,1.81
xiaomi belgique contact,13,534,2.43%,5.85
prix batterie iphone 13,13,531,2.45%,7.5
vitre arriere iphone 11,13,501,2.59%,18.8
revendre macbook,13,447,2.91%,24.02
réparation haut parleur iphone 12 prix,13,392,3.32%,9.55
prix batterie iphone 12 mini,13,384,3.39%,11.83
écran iphone 11 original prix,13,357,3.64%,11.01
combien coute pour reparer un ecran de iphone 11,13,340,3.82%,4.08
reparation iphone prix,13,335,3.88%,22.77
prix pour reparer un ecran iphone 11,13,321,4.05%,2.36
reparation iphone 14 pro max,13,309,4.21%,9.17
changer batterie iphone 13 mini,13,260,5%,10.75
vendre apple watch,13,257,5.06%,21.43
changer écran samsung a53 prix,13,249,5.22%,8.6
prix remplacement vitre iphone 11,13,238,5.46%,4.74
réparation tablette samsung prix,13,209,6.22%,13.06
réparation écran samsung a50 prix,13,202,6.44%,9.59
réparation écran samsung z flip 4,13,199,6.53%,11.24
prix ecran iphone 11 reparation,13,197,6.6%,4.93
prix remplacement ecran iphone 14,13,156,8.33%,7.1
reparation ecran iphone 11 pro,13,154,8.44%,12.77
decodeur tiger,13,153,8.5%,1.34
rachat iphone 15,13,148,8.78%,9.64
revendre iphone 16,13,113,11.5%,9.55
prix reparation iphone 14 pro,13,108,12.04%,6.56
revendre montre connectée,13,93,13.98%,18.72
changer camera iphone 11,13,75,17.33%,10.97
iphone 12 mini verkopen,12,2779,0.43%,15.72
réparation smartphone,12,2687,0.45%,12.54
gsm nokia 3310,12,2550,0.47%,7.94
ecran iphone 12,12,2407,0.5%,21.48
gsm pas cher,12,2276,0.53%,14.53
prix changement ecran iphone 14,12,831,1.44%,7.17
ecran iphone 14,12,734,1.63%,9.85
réparation écran iphone 12 pro prix,12,724,1.66%,10.22
revendre iphone 14,12,656,1.83%,15.8
rachat ordinateur portable,12,648,1.85%,41.44
scherm vervangen iphone 11,12,575,2.09%,15.46
prix réparation écran z flip 3,12,558,2.15%,9.42
iphone 11 scherm reparatie kosten,12,554,2.17%,26.5
prix remplacement ecran iphone 12,12,553,2.17%,8.21
samsung galaxy tab s6 scherm vervangen,12,534,2.25%,14.37
reparation telephone schaerbeek,12,509,2.36%,3.77
revendre pc,12,509,2.36%,25.08
réparation pc portable bruxelles,12,454,2.64%,6.71
s22 ultra scherm reparatie prijs,12,447,2.68%,27.44
revendre iphone 13,12,417,2.88%,12.49
reprise iphone 14,12,408,2.94%,19.63
iphone verkopen in winkel,12,380,3.16%,9.92
rachat ordinateur portable cassé,12,356,3.37%,26.53
ecran iphone 14 prix,12,343,3.5%,8.12
box android iptv,12,341,3.52%,6.97
réparation écran samsung z flip 4 prix,12,341,3.52%,10
reparation playstation 5,12,340,3.53%,10.64
prix pour changer l'écran d'un iphone 11,12,304,3.95%,3.25
reparation iphone 12 mini,12,294,4.08%,10.12
prix reparation iphone 14,12,291,4.12%,8.24
reparation port hdmi ps5,12,260,4.62%,38.51
réparation écran samsung a71 prix,12,255,4.71%,9.17
réparation vitre arrière iphone 14 pro prix,12,250,4.8%,11.52
reparation ecran iphone 12,12,245,4.9%,7.44
prix reparation ecran iphone 14 pro,12,237,5.06%,6.09
samsung s22 ultra scherm,12,229,5.24%,8.27
s22 ultra scherm,12,207,5.8%,10.04
remplacement batterie iphone 14 pro,12,196,6.12%,8.62
rachat pc,12,167,7.19%,20.4
réparation carte mère iphone 11 prix,12,162,7.41%,7.49
reparation vitre arriere iphone 14 pro max,12,160,7.5%,10.47
réparation écran ipad pro prix,12,145,8.28%,15.28
vendre son smartphone,12,139,8.63%,39.22
reparation carte mere iphone,12,114,10.53%,6.65
prix reparation ecran samsung a14,12,102,11.76%,2.6
réparation iphone xs prix,12,99,12.12%,2.77
reparation ecran z flip 4,12,94,12.77%,12.1
prix camera iphone 11,12,70,17.14%,4.07
reparer objectif iphone 13,12,59,20.34%,2.73
portable,11,3054,0.36%,7.33
réparation écran iphone,11,2897,0.38%,9.46
kleine gsm,11,2300,0.48%,8.86
réparation pc bruxelles,11,1725,0.64%,8.91
iptv prix,11,1432,0.77%,13.71
nokia 3310 nieuw,11,1320,0.83%,10.72
prix changement ecran iphone 12,11,1047,1.05%,9.73
écran iphone 11,11,890,1.24%,41.42
prix changement batterie iphone 12 mini,11,839,1.31%,8.21
vitre arrière iphone 12 réparation prix,11,663,1.66%,11.16
prix écran iphone 11,11,648,1.7%,8.93
prix changement batterie iphone,11,594,1.85%,17.21
rachat ordinateur,11,575,1.91%,41.07
ps5 reparation,11,575,1.91%,41.65
reprise pc portable,11,514,2.14%,34.25
prix changement batterie galaxy watch 4,11,510,2.16%,9.9
réparation ps4 prix,11,474,2.32%,10.74
mini gsm phone,11,473,2.33%,3.58
iptv decodeur,11,458,2.4%,9.63
prix d'un ecran iphone 11,11,439,2.51%,6.84
iptv boîtier prix,11,405,2.72%,6.65
mac a1466,11,403,2.73%,15.32
réparation écran samsung a51 prix,11,398,2.76%,9.44
réparation écran apple watch prix,11,366,3.01%,15.14
écran iphone 14 pro prix,11,360,3.06%,8.57
changer batterie iphone 12 mini prix,11,358,3.07%,7.18
"changer batterie iphone, prix",11,345,3.19%,6.18
hp hq-tre 71025 prix,11,343,3.21%,7.69
réparer caméra iphone 11 prix,11,342,3.22%,2.82
nettoyage ps4,11,309,3.56%,13.71
cout ecran iphone 11,11,278,3.96%,4.35
vendre son pc portable,11,274,4.01%,35.04
ecran iphone xs max,11,273,4.03%,20.74
reprise iphone 15 pro,11,250,4.4%,9.92
boitier ip tv,11,244,4.51%,8.18
remplacement batterie iphone 13 prix,11,207,5.31%,8.84
ecran z flip 3,11,190,5.79%,12.58
reparation ecran iphone 14 pro max,11,185,5.95%,8.72
nettoyage ps4 prix,11,185,5.95%,11.09
changer batterie samsung s21 prix,11,183,6.01%,10.72
samsung a54 batterij vervangen,11,179,6.15%,6.13
réparation iphone bruxelles pas cher,11,174,6.32%,1.66
remplacement vitre iphone 11,11,173,6.36%,12.74
remplacement ecran iphone 12,11,169,6.51%,8.42
prix batterie iphone se 2020,11,159,6.92%,11.94
réparation micro iphone 11 prix,11,133,8.27%,9
écran z flip 5 prix,11,132,8.33%,6.7
reparation ecran iphone 12 pro max,11,129,8.53%,13.4
vendre pc,11,123,8.94%,7.93
manette ps5 reparation,11,122,9.02%,10.11
prix de reparation iphone 11,11,119,9.24%,1.87
réparation connecteur de charge nintendo switch prix,11,111,9.91%,24.2
réparation écran interne z fold 3,11,96,11.46%,12.03
reparation face arriere iphone 12,11,91,12.09%,6.48
s23 ultra verkopen,11,86,12.79%,8.16
ecran s22 ultra prix,11,80,13.75%,4.95
gsm verkopen belgië,11,80,13.75%,14.72
reparation z flip 5,11,56,19.64%,6.14
reparation camera avant iphone 11,11,55,20%,11.65
prix remplacement ecran s23 ultra,11,51,21.57%,4.37
changer micro iphone 11,11,44,25%,18.55
nokia 3310 nouveau,10,1851,0.54%,8.02
ipad verkopen,10,1672,0.6%,29.01
reparation gsm,10,1312,0.76%,11.9
combien coute la reparation de l'arriere d'un iphone 13,10,1277,0.78%,8.37
samsung s22 verkopen,10,934,1.07%,18.88
ecran iphone 11 prix,10,864,1.16%,9.89
petit gsm,10,633,1.58%,8.6
iphone 14 verkopen,10,582,1.72%,10.91
réparation écran iphone 13 pro prix,10,552,1.81%,9.09
ecran iphone 13 prix,10,501,2%,5.86
batterie iphone 12 pro max,10,498,2.01%,35.75
réparation écran samsung s21 ultra prix,10,442,2.26%,10.3
ecran iphone se 2020,10,427,2.34%,24.4
prix reparation arriere iphone 11,10,426,2.35%,7.46
leason drone,10,422,2.37%,2.42
prix changement vitre arriere iphone 11,10,405,2.47%,7.56
revente iphone 11,10,400,2.5%,15.77
vendre iphone 12,10,361,2.77%,14.39
ecran iphone 14 plus,10,321,3.12%,10.04
prix reparation vitre iphone 11,10,298,3.36%,5.85
prix remplacement ecran samsung,10,296,3.38%,9.55
changement batterie iphone 11,10,295,3.39%,19.45
vendre iphone 13 pro,10,289,3.46%,19.79
combien coute de changer un ecran iphone 11,10,283,3.53%,4.21
combien coute un changement d'écran iphone 11,10,264,3.79%,2.71
iphone 11 nieuw scherm,10,254,3.94%,10.22
récepteur tiger,10,239,4.18%,3.26
prix remplacement batterie iphone 12 mini,10,238,4.2%,7.36
prix écran iphone 13,10,229,4.37%,9.21
prix réparation z flip 4,10,227,4.41%,8.48
box iptv prix,10,219,4.57%,5.79
ecran samsung a14,10,209,4.78%,5.24
reparation camera iphone 13,10,209,4.78%,6.17
prix vitre arriere iphone 11,10,194,5.15%,10.76
rachat ps5,10,169,5.92%,13.79
reparation ecran iphone xs,10,166,6.02%,12.61
remplacement ecran iphone 15,10,165,6.06%,7.59
réparation écran samsung s23 ultra,10,165,6.06%,16.19
smartphone reconditionné bruxelles,10,160,6.25%,3.64
changement batterie iphone 13 mini,10,155,6.45%,12.99
reparation iphone xr,10,145,6.9%,19.5
samsung galaxy a14 scherm vervangen,10,128,7.81%,5.41
remplacement ecran iphone se,10,107,9.35%,15.15
reparation z flip 4,10,98,10.2%,11.83
réparer écran switch prix,10,98,10.2%,12.54
prix reparation micro iphone 11,10,94,10.64%,7.86
reparation iphone 11 pro,10,87,11.49%,5.03
boitier iptv belgique,10,82,12.2%,2.84
imaq tv box,10,80,12.5%,7.1
samsung a34 scherm vervangen,10,73,13.7%,4.52
rachat montre connectée,10,67,14.93%,23.96
reparation manette ps5 bruxelles,10,55,18.18%,2.49
changement camera iphone 11,10,47,21.28%,7.34
vendre iphone 16 pro,10,38,26.32%,6.45
batterie iphone 13 mini,9,1468,0.61%,22.81
reprise iphone 14 pro max,9,1260,0.71%,20.87
ecran iphone 13 pro,9,1183,0.76%,16.31
scherm iphone 11,9,1029,0.87%,16.43
iphone 13 scherm vervangen,9,876,1.03%,21.9
samsung e1200,9,855,1.05%,34.28
réparation téléphone,9,780,1.15%,10.13
prix pour changer ecran iphone 11,9,704,1.28%,7.13
téléphone gsm,9,661,1.36%,13.5
revendre iphone 12,9,644,1.4%,16.67
prix changement batterie iphone 14 pro,9,590,1.53%,9.06
remplacement ecran iphone,9,504,1.79%,11.73
iphone 11 ecran,9,473,1.9%,30.37
tarif reparation iphone,9,461,1.95%,9.43
prix reparer ecran iphone 11,9,452,1.99%,6.06
prix reparation ecran,9,446,2.02%,8.38
klipad 2 en 1,9,441,2.04%,9.03
zte blade l210 prix,9,415,2.17%,6.73
iptv box prix,9,386,2.33%,5.18
prix pour reparer ecran iphone 11,9,383,2.35%,6.4
reparation ecran iphone x prix,9,378,2.38%,4.23
réparation écran samsung a12 prix,9,366,2.46%,9.62
samsung a54 scherm vervangen,9,364,2.47%,20.38
réparation écran samsung pas cher,9,360,2.5%,9.24
changement ecran iphone 13,9,317,2.84%,8.33
prix reparation ecran samsung,9,312,2.88%,9.36
changer batterie iphone se 2020,9,308,2.92%,13.52
vendre iphone 15 pro max,9,308,2.92%,23.22
réparation écran samsung z fold 4 prix,9,298,3.02%,8.99
réparer appareil photo iphone prix,9,287,3.14%,8.7
prix reparation ecran iphone xs,9,282,3.19%,6.89
réparation écran montre connectée samsung prix,9,281,3.2%,10.55
revendre ps5,9,279,3.23%,21.8
vendre macbook,9,268,3.36%,16.24
vendre ordinateur,9,268,3.36%,21.57
remplacement batterie iphone 12,9,263,3.42%,10.28
prix remplacement batterie iphone se 2020,9,235,3.83%,7.04
telephone bruxelles,9,235,3.83%,7.75
changer vitre iphone 11,9,232,3.88%,15.9
revendre ordinateur,9,227,3.96%,30.11
réparation écran samsung s22 prix,9,226,3.98%,8.72
changement batterie iphone 12 mini,9,225,4%,17.68
remplacement ecran iphone 14,9,203,4.43%,6.31
ecran iphone 13 mini,9,196,4.59%,8.26
changer ecran iphone 14,9,195,4.62%,4.95
changement batterie iphone 12 pro,9,193,4.66%,12.58
réparation écran iphone se prix,9,188,4.79%,11.31
vendre iphone 15 pro,9,187,4.81%,19.28
samsung s23 ultra écran cassé,9,184,4.89%,9.3
reparation ecran iphone 12 mini,9,174,5.17%,10.68
appareil iptv prix,9,173,5.2%,6
reparation vitre arriere iphone 11,9,165,5.45%,18.62
vendre samsung,9,153,5.88%,23.61
prix ecran iphone 12 pro max,9,146,6.16%,10.11
vitre arrière iphone 12 prix,9,140,6.43%,9.89
reprise apple watch,9,137,6.57%,10.72
revente iphone 15,9,129,6.98%,10.13
réparation ps4 bruxelles,9,118,7.63%,7.77
reparation arriere iphone 14 pro max,9,105,8.57%,13.86
reparation vitre arriere iphone 14 pro,9,97,9.28%,9.74
réparation écran samsung s22 ultra,9,97,9.28%,10.26
réparation samsung z flip 4,9,96,9.38%,11.81
iphone 11 batterie prix,9,93,9.68%,4.88
réparation console bruxelles,9,74,12.16%,3.88
remplacement batterie s22,9,74,12.16%,6.34
remplacement vitre iphone 13,9,68,13.24%,8.76
reparation iphone 12 pro,9,67,13.43%,8.34
reparer ecran s23 ultra,9,63,14.29%,8.35
rachat d'iphone,9,58,15.52%,10.03
vendre mon pc portable,9,44,20.45%,10.27
carte mere iphone x,9,35,25.71%,2.31
réparation iphone se 2020 prix,9,35,25.71%,2.49
gsm verkopen,8,2143,0.37%,37.19
tablette hybride 2 en 1 klipad,8,1316,0.61%,9.54
ip tv box,8,1238,0.65%,8.14
réparation écran téléphone samsung prix,8,992,0.81%,9.57
décodeur iptv,8,918,0.87%,8.79
gsm 3310,8,825,0.97%,3.81
samsung s22 ultra scherm reparatie,8,791,1.01%,55.23
iphone bruxelles,8,737,1.09%,8.42
reparation pc bruxelles,8,718,1.11%,8.43
télécommande universelle iptv,8,688,1.16%,8.55
prix changement batterie iphone 12 pro,8,567,1.41%,9.36
s22 ultra verkopen,8,548,1.46%,17.52
revente pc portable,8,518,1.54%,26.25
cout reparation ecran iphone 11,8,514,1.56%,7.58
tarif changement ecran iphone 11,8,511,1.57%,7.39
reparation playstation,8,489,1.64%,11.2
prix ecran iphone xs,8,478,1.67%,18.77
changer batterie iphone 12,8,476,1.68%,21.24
prix changement ecran iphone x,8,444,1.8%,8.76
rachat iphone 14,8,406,1.97%,19.97
cout changement ecran iphone 11,8,395,2.03%,6.66
rachat pc portable,8,389,2.06%,29.06
changer batterie iphone se 2020 prix,8,353,2.27%,8.03
reparation iphone 11 ecran prix,8,325,2.46%,4.57
prix remplacement batterie iphone 12,8,303,2.64%,9.48
prix réparation écran samsung a14,8,280,2.86%,4.89
reparer ecran iphone x prix,8,276,2.9%,4.21
reprise gsm samsung,8,270,2.96%,11.49
prix boitier iptv,8,266,3.01%,7.88
réparation écran samsung a52 prix,8,248,3.23%,8.4
reprise pc,8,247,3.24%,37.83
vendre iphone xr,8,246,3.25%,15
iphone 15 pro max verkopen,8,233,3.43%,23.04
réparation ecran iphone 11,8,222,3.6%,24.18
vendre mon telephone,8,220,3.64%,53.25
prix reparation objectif iphone 13,8,218,3.67%,6.24
macbook air 13 a1466,8,218,3.67%,15.47
pièces détachées smartphone,8,217,3.69%,43.63
réparation nintendo switch,8,198,4.04%,12.74
réparation écran samsung s20 fe prix,8,198,4.04%,16.99
combien coute un ecran iphone 13,8,196,4.08%,5.15
prix reparation camera arriere iphone 13,8,195,4.1%,5.56
reparation telephone iphone 11,8,192,4.17%,11.28
reparation ecran iphone bruxelles,8,183,4.37%,4.95
réparation écran z fold 4,8,183,4.37%,9.4
remplacement ecran s23 ultra,8,182,4.4%,7.97
remplacer ecran iphone 13,8,180,4.44%,7.04
changement batterie iphone se 2020,8,180,4.44%,13.81
combien coute un changement d'ecran iphone 11,8,179,4.47%,3.53
rachat matériel informatique belgique,8,179,4.47%,9.4
écran samsung s23 ultra original,8,177,4.52%,7.44
prix reparation ps5,8,175,4.57%,7.6
ou vendre son telephone,8,172,4.65%,15.84
écran z flip 4 cassé,8,160,5%,16.23
ou revendre son telephone,8,153,5.23%,16.35
remplacement batterie iphone x,8,152,5.26%,16.2
boitier android iptv,8,145,5.52%,5.88
réparation écran ipad pro 11 prix,8,145,5.52%,10.45
prix pour changer batterie tablette samsung,8,143,5.59%,14.85
ecran samsung a54,8,139,5.76%,12.22
remplacement batterie iphone 11 pro,8,137,5.84%,18.57
changer batterie iphone 13 prix,8,136,5.88%,12.42
reparation tactile iphone 11,8,132,6.06%,7.74
reprise samsung s23 ultra,8,127,6.3%,9.24
remplacement ecran iphone se 2022,8,126,6.35%,9.01
reparation samsung s23 ultra,8,114,7.02%,4.97
prix reparation manette ps5,8,114,7.02%,9.68
prix changement batterie iphone 13 pro max,8,113,7.08%,12.65
iphone se 2022 scherm vervangen,8,109,7.34%,8.94
remplacement vitre arrière iphone 11,8,105,7.62%,16.84
reprise iphone 16 pro,8,104,7.69%,6.15
remplacement ecran iphone 14 pro max,8,101,7.92%,6.46
scherm iphone 11 vervangen prijs,8,101,7.92%,6.59
revendre son téléphone belgique,8,99,8.08%,5.53
réparation écran ipad pro 12 9 prix,8,98,8.16%,16.68
xiaomi contact belgique,8,97,8.25%,4.09
remplacer vitre arriere iphone 13,8,95,8.42%,12.16
reparation iphone 13 vitre arriere,8,88,9.09%,10.67
prix reparation iphone 13 pro max,8,87,9.2%,10.08
devis reparation telephone,8,75,10.67%,16.47
prix changement objectif iphone 13,8,74,10.81%,1.51
réparation nintendo ds,8,68,11.76%,5.03
revendre iphone 16 pro max,8,66,12.12%,9.17
reparation batterie iphone 11,8,66,12.12%,14.79
3ds reparatie,8,65,12.31%,16.92
iphone 14 revente,8,52,15.38%,3.92
reparation s22 ultra,8,48,16.67%,5.79
prix réparation hdmi ps5,8,47,17.02%,5.94
camera arriere iphone 11,8,44,18.18%,2.16
reparation samsung flip 4,8,42,19.05%,6.24
hdmi ps5 reparation,8,30,26.67%,2.77
remplacement camera iphone 13,8,28,28.57%,4.71
nokia gsm,7,6925,0.1%,17.15
klipad,7,3224,0.22%,10.99
iphone 11 scherm,7,2292,0.31%,11.26
macbook verkopen,7,1878,0.37%,27.77
reprise iphone 12 pro,7,930,0.75%,20.53
sony cyber shot 14.1 megapixels,7,793,0.88%,16.82
reprise iphone 12 pro max,7,724,0.97%,17.59
boitier iptv 4k,7,712,0.98%,47.38
revendre iphone 14 pro,7,638,1.1%,19.45
magasin reparation telephone,7,628,1.11%,8.16
samsung s23 ultra verkopen,7,604,1.16%,17.8
iphone 14,7,583,1.2%,6.33
prix ecran iphone x,7,558,1.25%,19.34
commande iptv,7,544,1.29%,10.12
remplacement ecran iphone x,7,506,1.38%,17.96
iphone 14 pro max verkopen,7,497,1.41%,23.76
samsung tab s6 scherm vervangen,7,493,1.42%,16.86
prix remplacement vitre arriere iphone 12,7,449,1.56%,9.86
prix remplacement vitre arriere iphone 13,7,445,1.57%,9.19
combien coute un reparation d'ecran de telephone iphone 11,7,440,1.59%,4.37
reparation ecran ipad,7,439,1.59%,21.5
changement batterie iphone 11 prix,7,421,1.66%,14.43
prix reparation dos iphone 13,7,399,1.75%,7.53
changer batterie iphone 11 prix,7,392,1.79%,16.5
vendre iphone 12 pro max,7,390,1.79%,19.34
changer ecran iphone,7,369,1.9%,23.97
prix ecran iphone 14 pro max,7,365,1.92%,7.54
reprise iphone 13 mini,7,361,1.94%,15.51
prix reparation ecran arriere iphone 12,7,356,1.97%,9.44
prix vitre iphone 13,7,336,2.08%,6.81
vendre pc portable,7,322,2.17%,36.02
reparation ecran iphone 12 prix,7,315,2.22%,10.05
reprise telephone,7,303,2.31%,15.25
réparation arrière téléphone prix,7,301,2.33%,11.13
changement batterie iphone 12,7,296,2.36%,19.39
prix réparation écran samsung a04s,7,295,2.37%,4.86
iptv boîtier,7,291,2.41%,19.44
tiger recepteur,7,282,2.48%,3.2
prix changement ecran iphone xs,7,274,2.55%,8.32
réparation iphone prix,7,274,2.55%,18.16
cout remplacement ecran iphone 11,7,264,2.65%,6.16
iptv magasin,7,238,2.94%,5.87
revente pc,7,238,2.94%,32.26
changer ecran iphone 13 prix,7,235,2.98%,8.27
reparateur de manette ps5,7,226,3.1%,7.36
groothandel smartphones,7,226,3.1%,41.91
remplacer ecran iphone xr,7,219,3.2%,26.32
prix changement batterie samsung,7,207,3.38%,4.23
remplacer écran iphone 11,7,198,3.54%,15.97
réparation écran tablette prix,7,197,3.55%,12.91
changer batterie iphone 14 pro prix,7,186,3.76%,8.21
réparation écran samsung a70 prix,7,185,3.78%,9.76
reparation vitre iphone 11,7,182,3.85%,15.01
prix reparation iphone 12 pro max,7,177,3.95%,9.68
réparation caméra avant iphone 11 prix,7,173,4.05%,13.72
réparation écran redmi note 12,7,172,4.07%,10.12
prix remplacement vitre arriere iphone 11,7,169,4.14%,4.6
iphone 13 ecran cassé,7,168,4.17%,9.65
réparation écran samsung s20 plus prix,7,165,4.24%,20.38
décodeur iptv prix,7,164,4.27%,5.61
mag 322 prix,7,162,4.32%,9.17
changer batterie iphone se prix,7,160,4.38%,11.86
prix remplacement batterie iphone 12 pro,7,157,4.46%,8.61
prix ecran iphone 12 pro,7,157,4.46%,11.11
prix d un ecran iphone 11,7,156,4.49%,7.7
reparation iphone 13 mini,7,156,4.49%,11.13
reparation ecran iphone se 2022,7,149,4.7%,10.02
remplacement batterie iphone 12 pro,7,142,4.93%,10.77
prix ecran iphone 13 pro max,7,140,5%,7.69
samsung a14 scherm,7,139,5.04%,7.62
revendre tablette,7,138,5.07%,18.7
prix vitre arriere iphone 13,7,137,5.11%,11.47
revendre son ipad,7,137,5.11%,12.39
reparer ps5,7,135,5.19%,8.09
réparation écran samsung s8 plus prix,7,131,5.34%,12.47
scherm iphone se 2022 vervangen,7,127,5.51%,7.28
écran iphone 15 prix,7,126,5.56%,10.25
tiger iptv box,7,125,5.6%,9.16
rachat samsung,7,119,5.88%,30.62
reparation face arriere iphone 13,7,118,5.93%,6.92
reparateur nintendo switch,7,114,6.14%,7.6
ecran iphone 11 reparation prix,7,109,6.42%,4.41
remplacement ecran iphone 11 pro max,7,108,6.48%,11.07
reparation ecran iphone 13 pro max,7,106,6.6%,9.15
glas vervangen iphone 11,7,106,6.6%,11.39
changer micro iphone 11 prix,7,105,6.67%,10.09
minigsm,7,101,6.93%,4.71
réparation écran ipad air prix,7,101,6.93%,15.38
gsm reconditionné bruxelles,7,100,7%,3.84
s23 ultra scherm reparatie,7,98,7.14%,24.64
remplacement ecran iphone 11 pro,7,95,7.37%,14.83
reparer hdmi ps5,7,89,7.87%,5.88
reparer iphone 11 ecran,7,87,8.05%,12.49
réparation écran montre connectée prix,7,87,8.05%,13
nieuw scherm samsung a14,7,85,8.24%,3.28
ecran z fold 4,7,85,8.24%,9.27
nieuw scherm samsung s22 ultra,7,85,8.24%,10.94
prix réparation port hdmi ps5,7,84,8.33%,15.65
reparation camera arriere iphone 13,7,83,8.43%,7.13
changer ecran iphone 14 pro max,7,83,8.43%,8.61
revente iphone 14 pro,7,81,8.64%,15.81
ecran lcd iphone 11,7,79,8.86%,5.28
reparation ecran s23 ultra,7,79,8.86%,10.19
iphone 11 scherm laten maken,7,77,9.09%,18.47
batterie iphone 13 pro prix,7,75,9.33%,4.8
reparation ecran samsung s20,7,72,9.72%,20.58
reparation s23 ultra,7,70,10%,5.74
changer batterie samsung a71 prix,7,70,10%,15.17
réparation lecteur cd ps4 prix,7,69,10.14%,12.35
iphone 12 scherm vervangen prijs,7,67,10.45%,5.82
reprise téléphone,7,67,10.45%,22.39
iphone 15 revente,7,66,10.61%,5.44
revente iphone 15 pro,7,66,10.61%,11.92
vendre son iphone 13,7,63,11.11%,6.7
reparation iphone 14 pro max vitre arriere,7,60,11.67%,5.22
prix changement camera iphone 11,7,56,12.5%,1.45
remplacer ecran s23 ultra,7,56,12.5%,4.2
vendre mon ordinateur,7,53,13.21%,7.79
réparation z flip 4,7,52,13.46%,12.9
vendre iphone 16 pro max,7,50,14%,6.9
écran a54 samsung,7,48,14.58%,4.15
changer batterie ipad pro 12.9 prix,7,48,14.58%,6.54
remplacement ecran samsung s22 ultra,7,48,14.58%,7.54
reparation haut parleur iphone 11,7,32,21.88%,10.53
reparation ecran samsung z flip 5,7,25,28%,3.36
téléphone,6,11688,0.05%,11.65
gsm nokia,6,7391,0.08%,14.71
reparation tablette samsung,6,889,0.67%,26.25
reparation de telephone,6,866,0.69%,9.42
réparation iphone x,6,866,0.69%,24.84
réparation telephone,6,679,0.88%,14.64
rachat iphone 11,6,668,0.9%,24.01
reprise macbook pro,6,613,0.98%,39.18
tarif changement batterie iphone 12 mini,6,603,1%,8.14
iptv telecommande,6,596,1.01%,10.02
ecran iphone xr prix,6,561,1.07%,20.65
réparation ecran iphone,6,560,1.07%,8.52
nokia gsm 3310,6,545,1.1%,7.64
soundlink mini,6,531,1.13%,22.86
vitre arriere iphone 13,6,519,1.16%,16.06
ecran iphone se,6,497,1.21%,52.84
kleinste gsm,6,483,1.24%,7.69
gsm bruxelles,6,423,1.42%,4.2
réparation écran iphone prix,6,417,1.44%,28.99
reparer manette ps5,6,415,1.45%,19.9
réparation ps4 à proximité,6,398,1.51%,8.78
réparation écran tablette samsung galaxy tab a prix,6,387,1.55%,10.97
prix réparation écran iphone 12,6,380,1.58%,9.32
réparation switch,6,372,1.61%,10.65
vendre iphone 14 pro max,6,363,1.65%,21.36
revendre mon iphone,6,321,1.87%,18.16
magasin gsm bruxelles,6,319,1.88%,3.04
écran iphone 14 pro max prix,6,306,1.96%,13.1
revente telephone,6,301,1.99%,9.16
vitre arrière iphone 11 prix,6,297,2.02%,9.91
réparation vitre arrière iphone se 2020 prix,6,286,2.1%,10.08
3310 nouveau,6,279,2.15%,7.32
prix changement batterie iphone 14,6,275,2.18%,9.41
reparation ecran iphone prix,6,275,2.18%,22.45
changement écran iphone 11,6,269,2.23%,29.07
réparation écran samsung s9 prix,6,267,2.25%,11.48
réparation écran téléphone prix,6,248,2.42%,22.45
reprise huawei p30 pro,6,246,2.44%,8.96
remplacer batterie iphone se 2020,6,242,2.48%,14.51
zte mf910,6,235,2.55%,35.91
revendre samsung,6,225,2.67%,18.11
scherm laten maken iphone 11,6,218,2.75%,9.52
cout reparation ecran iphone,6,217,2.76%,9.32
réparation écran samsung s10 plus prix,6,214,2.8%,10.75
revendre iphone 15 pro,6,211,2.84%,11.27
iphone 11 batterij vervangen prijs,6,208,2.88%,13.51
ou revendre son ordinateur,6,202,2.97%,32.14
réparation ps5 prix,6,201,2.99%,9.35
reparer ecran iphone 13 prix,6,195,3.08%,9
réparation iphone 12 pro max,6,193,3.11%,26.07
prix changement camera iphone 13,6,190,3.16%,4.98
prix ecran iphone 15,6,190,3.16%,6.57
reparation ps3,6,187,3.21%,14.03
iphone 11 ecran cassé,6,185,3.24%,12.34
prix vitre iphone 12,6,182,3.3%,9.37
batterie iphone 14 prix,6,179,3.35%,9.22
prix ecran iphone 11 pro max,6,178,3.37%,9.85
vendre son ipad,6,178,3.37%,14.84
gsm groothandel,6,175,3.43%,23.91
revente macbook,6,172,3.49%,18.49
réparation écran iphone 12,6,172,3.49%,22.29
remplacement vitre arriere iphone 12,6,166,3.61%,14.08
écran z flip 3 cassé,6,165,3.64%,15.62
magasin telephone reconditionné,6,164,3.66%,6.38
prix remplacement ecran iphone x,6,161,3.73%,4.57
changement d'écran iphone 11,6,161,3.73%,8.34
s22 ultra scherm vervangen,6,155,3.87%,33.75
réparation écran samsung s8 prix,6,152,3.95%,17.22
prix réparation ecran iphone x,6,148,4.05%,3.86
réparation haut-parleur iphone 11 prix,6,148,4.05%,9.91
samsung a14 scherm vervangen prijs,6,146,4.11%,3.57
grossiste smartphone,6,146,4.11%,32.53
remplacement ecran iphone se 2020,6,145,4.14%,11.87
changement ecran iphone 14,6,144,4.17%,5.85
vendre son ordinateur portable,6,144,4.17%,28.26
revente iphone 12,6,143,4.2%,10.65
prix changement batterie iphone 11 pro,6,142,4.23%,17.46
reprise s22 ultra,6,133,4.51%,9.79
revente iphone 14,6,133,4.51%,9.95
boitier pour iptv,6,131,4.58%,6.79
changer connecteur de charge iphone 12 prix,6,129,4.65%,15.32
changer ecran iphone xs,6,129,4.65%,19.69
réparation écran iphone 14 plus prix,6,127,4.72%,8.39
reparer camera iphone 13,6,126,4.76%,4.39
face arriere iphone 14 pro max,6,126,4.76%,6.13
vendre macbook pro,6,126,4.76%,20.88
prix batterie iphone xr,6,123,4.88%,37.69
changement batterie iphone prix,6,122,4.92%,14.05
changer batterie iphone xr prix,6,119,5.04%,15.11
changement vitre arriere iphone 13,6,118,5.08%,11.3
imaq tv,6,117,5.13%,8.38
changer ecran samsung s23 ultra,6,113,5.31%,13.55
remplacement ecran iphone 14 pro,6,111,5.41%,9.32
reparation iphone xs,6,111,5.41%,14.77
smartphone verkopen,6,109,5.5%,27.74
changer ecran iphone 14 pro,6,108,5.56%,7.78
réparation écran iphone 15,6,108,5.56%,10.61
changer batterie iphone se,6,107,5.61%,20.87
réparation écran iphone se 2020,6,105,5.71%,12.54
remplacement batterie samsung s9 prix,6,104,5.77%,20.75
hp 240 g9,6,99,6.06%,8.53
s22 ultra ecran,6,97,6.19%,9.14
prix ecran iphone 11 pro,6,97,6.19%,14.2
prix pour changer l écran d un iphone 11,6,96,6.25%,2.82
iphone groothandel,6,96,6.25%,36.72
reprise telephone belgique,6,94,6.38%,7.91