Pages les plus populaires,Clics,Impressions,CTR,Position
https://belmobile.be/,1105,63817,1.73%,7.1
https://belmobile.be/pages/tarifs-reparation-iphone-11,956,34265,2.79%,8.93
https://belmobile.be/pages/rachat-gsm-bruxelles,376,9419,3.99%,7.73
https://belmobile.be/pages/reparation-playstation-5,312,6916,4.51%,7.34
https://belmobile.be/pages/rachat-iphone-bruxelles,268,10182,2.63%,7.7
https://belmobile.be/pages/reparation-iphone-13-prix,256,19772,1.29%,9
https://belmobile.be/pages/rachat-reprise-revendre-cash-appareils-high-tech-bruxelles,252,7306,3.45%,9.89
https://belmobile.be/collections/all/recepteurs-iptv,170,10052,1.69%,11.32
https://belmobile.be/pages/tarifs-reparation-iphone-14-pro,168,8395,2%,8.83
https://belmobile.be/pages/tarifs-reparation-iphone-12,165,12025,1.37%,10.72
https://belmobile.be/pages/reparation-smartphone-bruxelles,160,10702,1.5%,7.98
https://belmobile.be/pages/reparation-iphone-x,135,7969,1.69%,11.14
https://belmobile.be/pages/revendre-iphone,124,3721,3.33%,14.43
https://belmobile.be/pages/reparation-iphone-15-pro,123,7284,1.69%,8.45
https://belmobile.be/pages/revendre-iphone-16,108,2226,4.85%,7.12
https://belmobile.be/pages/grossiste-accessoires-gsm-smartphone-tablette-bruxelles,106,1849,5.73%,20.86
https://belmobile.be/pages/reparation-iphone-12-mini,94,2540,3.7%,11.34
https://belmobile.be/pages/reparation-sony-playstation-bruxelles,92,2882,3.19%,9.61
https://belmobile.be/pages/reparation-iphone-xs,88,3109,2.83%,10.08
https://belmobile.be/pages/reparation-samsung-galaxy-s22-ultra,86,1666,5.16%,7.3
https://belmobile.be/pages/reparation-3ds-2ds-xl-bruxelles,86,1072,8.02%,9.36
https://belmobile.be/nl/pages/iphone-11-tarieven-reparatie,81,10247,0.79%,22.42
https://belmobile.be/products/pc-portable-hp-hq-tre-71025,78,2895,2.69%,10.85
https://belmobile.be/pages/reparation-iphone-14-pro-max,78,2707,2.88%,9.55
https://belmobile.be/pages/reparation-playstation-4-slim-ps4-pro,74,2086,3.55%,12.25
https://belmobile.be/pages/reparation-iphone-12-pro,71,5511,1.29%,10.79
https://belmobile.be/pages/reparation-samsung-galaxy-a14,69,3534,1.95%,7.45
https://belmobile.be/pages/revendre-ordinateur-pc-portable,69,957,7.21%,10.36
https://belmobile.be/nl,64,3523,1.82%,18.35
https://belmobile.be/collections/smartphone-pas-cher-bruxelles,60,16358,0.37%,24.86
https://belmobile.be/collections/tv-home-cinema/recepteurs-iptv,60,2340,2.56%,9.22
https://belmobile.be/pages/reparation-iphone-13-pro-max,58,4984,1.16%,12.5
https://belmobile.be/pages/revendre-apple-watch,57,1163,4.9%,18.74
https://belmobile.be/pages/reparation-iphone-13-pro,56,3613,1.55%,10.25
https://belmobile.be/pages/rachat-macbook-bruxelles,53,2355,2.25%,13.76
https://belmobile.be/pages/revendre-iphone-15,53,1696,3.12%,9.42
https://belmobile.be/pages/magasin-informatique-bruxelles,52,8109,0.64%,10.21
https://belmobile.be/pages/reparation-iphone-12-pro-max,52,2433,2.14%,13.3
https://belmobile.be/pages/grossiste-pieces-detachees-iphone-bruxelles,52,1198,4.34%,15.98
https://belmobile.be/pages/reparation-express-smartphone-tablette-et-ordinateur-a-bruxelles,50,7719,0.65%,13.38
https://belmobile.be/pages/revendre-smartwatch,49,263,18.63%,14.29
https://belmobile.be/pages/reparation-iphone-xr,48,4478,1.07%,12.48
https://belmobile.be/products/tiger-star-dvb-s-s2-top-box-m1-full-hd-recepteur-satellite-numerique,48,1366,3.51%,5.81
https://belmobile.be/pages/revendre-samsung,48,1198,4.01%,19.23
https://belmobile.be/pages/reparation-samsung-galaxy-s23-ultra,47,1665,2.82%,8.86
https://belmobile.be/pages/reparation-iphone-11-pro,45,2781,1.62%,11.42
https://belmobile.be/pages/reparation-iphone-se-2020,45,2125,2.12%,14.68
https://belmobile.be/pages/revendre-ps5,44,1273,3.46%,18.28
https://belmobile.be/pages/reparation-iphone-se-2022,43,1807,2.38%,10.35
https://belmobile.be/pages/reparation-xbox-series-x,43,623,6.9%,9.53
https://belmobile.be/pages/reparation-samsung-galaxy-s22,41,1159,3.54%,7.75
https://belmobile.be/pages/reparation-samsung-galaxy-a54,39,1788,2.18%,10.16
https://belmobile.be/pages/reparation-galaxy-z-flip4,38,1190,3.19%,9.67
https://belmobile.be/pages/reparation-ordinateur-bruxelles,37,5756,0.64%,15.25
https://belmobile.be/products/pc-tablette-hybride-9-0-klipad-2-en-1-android-7-0,37,2581,1.43%,12.68
https://belmobile.be/products/boitier-decodeur-iptv-box-imaq-820-4k-dvb-wifi-internet-tv,37,561,6.6%,6.79
https://belmobile.be/nl/pages/iphone-12-tarieven-reparatie,36,4804,0.75%,27.43
https://belmobile.be/pages/deblocage-iphone-bruxelles,36,3931,0.92%,8.85
https://belmobile.be/pages/revendre-iphone-11,34,1850,1.84%,17.01
https://belmobile.be/pages/revendre-iphone-13,33,1884,1.75%,10.4
https://belmobile.be/pages/reparation-switch-lite-bruxelles,32,983,3.26%,8.94
https://belmobile.be/pages/reparation-galaxy-s20-fe,32,677,4.73%,13.63
https://belmobile.be/pages/reparation-smartwatch,32,441,7.26%,13.78
https://belmobile.be/blogs/blog-high-tech/reparation-face-id-iphone-prix-bruxelles,31,3220,0.96%,10.54
https://belmobile.be/pages/reparation-console,31,1237,2.51%,9.32
https://belmobile.be/pages/reparation-xbox-one,30,639,4.69%,15.23
https://belmobile.be/pages/reparation-samsung-galaxy-z-flip-5g,29,659,4.4%,6.83
https://belmobile.be/collections/pieces-detachees-smartphone,29,328,8.84%,12.37
https://belmobile.be/pages/reparation-iphone-15,28,2058,1.36%,9.18
https://belmobile.be/pages/reparation-iphone-14-plus,28,1801,1.55%,7.46
https://belmobile.be/pages/revendre-iphone-15-pro-max,28,945,2.96%,8.89
https://belmobile.be/pages/reparation-samsung-galaxy-s23,28,616,4.55%,13.59
https://belmobile.be/pages/reparation-redmi-10,26,635,4.09%,9.82
https://belmobile.be/pages/reparation-xiaomi-13-pro,25,563,4.44%,8.39
https://belmobile.be/pages/revendre-iphone-16-pro-max,25,458,5.46%,9.49
https://belmobile.be/pages/reparation-huawei-bruxelles,24,1372,1.75%,6.56
https://belmobile.be/pages/reparation-samsung-galaxy-a34,24,810,2.96%,8.61
https://belmobile.be/pages/revendre,24,588,4.08%,15.44
https://belmobile.be/products/apple-macbook-air-a1466-13-3-core-i5-1-4-ghz-ssd-128-gb-ram-8-go-grade-a,23,2053,1.12%,20.44
https://belmobile.be/pages/revendre-iphone-14,23,1022,2.25%,8.21
https://belmobile.be/pages/rachat-ipad-bruxelles,23,927,2.48%,9.19
https://belmobile.be/pages/reparation-iphone-13-mini,22,1598,1.38%,9.9
https://belmobile.be/nl/pages/reparatie-nintendo-3ds-2ds-xl-brussel,22,445,4.94%,20.56
https://belmobile.be/pages/reparation-iphone-16-pro-max,21,1705,1.23%,9.25
https://belmobile.be/pages/reparation-switch-oled,21,262,8.02%,11.92
https://belmobile.be/pages/reparation-iphone-anderlecht,20,2548,0.78%,9.07
https://belmobile.be/products/mini-gsm-bm-m10,20,2447,0.82%,7.73
https://belmobile.be/pages/reparation-galaxy-z-flip3,20,498,4.02%,10.18
https://belmobile.be/pages/reparation-samsung-galaxy-a53,19,550,3.45%,7.4
https://belmobile.be/pages/reparation-galaxy-a52,19,515,3.69%,8.44
https://belmobile.be/pages/microsoudure-iphone-bruxelles,18,1434,1.26%,12.95
https://belmobile.be/pages/reparation-connecteur-iphone,18,1381,1.3%,7.86
https://belmobile.be/pages/reparation-samsung-galaxy-tab-a8-10-5-2021,18,1227,1.47%,10.4
https://belmobile.be/nl/pages/reparation-playstation-3-ps3-slim,18,798,2.26%,29.83
https://belmobile.be/pages/reparation-galaxy-a51,18,558,3.23%,12.84
https://belmobile.be/pages/reparation-galaxy-a50,18,457,3.94%,17.21
https://belmobile.be/nl/products/boitier-decodeur-iptv-box-imaq-820-4k-dvb-wifi-internet-tv,18,384,4.69%,7.76
https://belmobile.be/nl/pages/samsung-galaxy-a14-reparatie,17,3618,0.47%,38.56
https://belmobile.be/nl/pages/revendre-smartwatch,17,1545,1.1%,59.32
https://belmobile.be/pages/revendre-iphone-13-pro-max,17,1534,1.11%,18.62
https://belmobile.be/pages/reparation-galaxy-s10,17,960,1.77%,15.11
https://belmobile.be/pages/reparation-redmi-note-12,17,574,2.96%,10.59
https://belmobile.be/pages/reparation-apple-watch-bruxelles,17,502,3.39%,11.44
https://belmobile.be/pages/revendre-tablette,17,226,7.52%,12.03
https://belmobile.be/nl/products/mini-gsm-bm-m10,16,2278,0.7%,5.88
https://belmobile.be/pages/reparation-xiaomi-bruxelles,16,840,1.9%,8.97
https://belmobile.be/pages/revendre-iphone-15-pro,16,663,2.41%,10.06
https://belmobile.be/pages/reparation-galaxy-s20,16,304,5.26%,10.15
https://belmobile.be/pages/revendre-smartphone,16,211,7.58%,11.48
https://belmobile.be/pages/reparation-iphone-xs-max,15,963,1.56%,18.3
https://belmobile.be/nl/pages/samsung-galaxy-s22-ultra-reparatie,15,814,1.84%,49.29
https://belmobile.be/nl/products/pc-portable-hp-hq-tre-71025,15,807,1.86%,9.74
https://belmobile.be/collections/iphone-occasion-bruxelles,14,2916,0.48%,12.98
https://belmobile.be/products/telecommande-remote-control-pour-mag-250-254-255-260-261-270-iptv-tv-set-top-box,14,2507,0.56%,10.13
https://belmobile.be/nl/pages/gsm-inkoop-brussel,14,596,2.35%,34.26
https://belmobile.be/pages/reparation-samsung-galaxy-s21-ultra,14,539,2.6%,9.36
https://belmobile.be/nl/pages/groothandel-gsm-smartphone-tablet-accessoires-brussel,14,462,3.03%,20.82
https://belmobile.be/pages/revendre-iphone-12-pro,13,580,2.24%,10.67
https://belmobile.be/pages/reparation-galaxy-s10-plus,13,320,4.06%,17.19
https://belmobile.be/pages/demande-devis-gratuit-reparation-panne,12,4011,0.3%,10.5
https://belmobile.be/pages/reparation-tablette-bruxelles,12,1085,1.11%,9.42
https://belmobile.be/nl/pages/reparation-sony-playstation-bruxelles,12,965,1.24%,30.99
https://belmobile.be/pages/revendre-iphone-13-pro,12,688,1.74%,16.14
https://belmobile.be/pages/avis-des-clients,12,334,3.59%,3.57
https://belmobile.be/pages/revendre-galaxy-z-fold,12,227,5.29%,20.95
https://belmobile.be/pages/reparation-galaxy-a71,12,166,7.23%,14.02
https://belmobile.be/nl/pages/iphone-13-verkopen,11,4811,0.23%,46.61
https://belmobile.be/pages/reparation-iphone-11-pro-max,11,2502,0.44%,15.39
https://belmobile.be/pages/remplacement-batterie-iphone,11,2405,0.46%,15.81
https://belmobile.be/pages/reparation-ecran-samsung-bruxelles,11,1905,0.58%,13.63
https://belmobile.be/pages/reparation-ipad-10,11,691,1.59%,10.11
https://belmobile.be/pages/reparation-galaxy-a12,11,661,1.66%,16.25
https://belmobile.be/pages/reparation-samsung-galaxy-a23,11,360,3.06%,9.57
https://belmobile.be/pages/jobs,11,223,4.93%,8.93
https://belmobile.be/pages/reparation-samsung-galaxy-tab-s7,11,157,7.01%,14.59
https://belmobile.be/pages/reparation-iphone-molenbeek,10,972,1.03%,8.8
https://belmobile.be/pages/reparation-playstation-3-ps3-slim,10,469,2.13%,17.98
https://belmobile.be/pages/reparation-galaxy-z-fold3,10,398,2.51%,8.81
https://belmobile.be/pages/reparation-xiaomi-13,10,382,2.62%,9.41
https://belmobile.be/pages/reparation-samsung-galaxy-z-fold4,10,320,3.12%,9.55
https://belmobile.be/pages/reparation-galaxy-a70,10,313,3.19%,13.25
https://belmobile.be/nl/products/innovio-3000-hd-fta-full-hd-recepteur-satellite-numerique,10,75,13.33%,4.48
https://belmobile.be/products/medialink-ml7000-eco-iptv-h265-smarthome,10,75,13.33%,12.37
https://belmobile.be/nl/pages/verkopen-iphone-brussel,9,7155,0.13%,54.51
https://belmobile.be/pages/reparation-iphone-schaerbeek,9,1303,0.69%,8.93
https://belmobile.be/pages/revendre-iphone-14-pro-max,9,742,1.21%,11.65
https://belmobile.be/pages/reparation-galaxy-s9,9,686,1.31%,20.72
https://belmobile.be/pages/reparation-galaxy-s21,9,468,1.92%,10.21
https://belmobile.be/pages/reparation-p30-pro,9,419,2.15%,20.27
https://belmobile.be/pages/recuperation-donnees-iphone,9,410,2.2%,27.38
https://belmobile.be/pages/reparation-nintendo-bruxelles,9,394,2.28%,11.94
https://belmobile.be/pages/reparation-macbook-air-m2,9,377,2.39%,26.59
https://belmobile.be/pages/reparation-apple-watch,9,291,3.09%,10.89
https://belmobile.be/pages/revendre-samsung-galaxy-s23,9,276,3.26%,9.74
https://belmobile.be/products/leason-ls-126-wifi-fpv-camera-2-4g-33cm-rc-drone-quadcopter-ufo-drone-b-w,9,262,3.44%,3.32
https://belmobile.be/products/innovio-3000-hd-fta-full-hd-recepteur-satellite-numerique,9,99,9.09%,8.39
https://belmobile.be/nl/pages/iphone-verkopen,8,2540,0.31%,59.21
https://belmobile.be/nl/pages/iphone-scherm-reparatie-brussel,8,1781,0.45%,52.78
https://belmobile.be/nl/pages/iphone-13-reparatie-prijs,8,984,0.81%,17.58
https://belmobile.be/nl/pages/reparation-samsung-galaxy-tab-s6,8,937,0.85%,25.73
https://belmobile.be/nl/pages/iphone-reparatie-brussel,8,902,0.89%,50.86
https://belmobile.be/blogs/blog-high-tech/reparation-message-erreur-ecran-batterie-iphone-bruxelles,8,884,0.9%,10.71
https://belmobile.be/pages/revendre-iphone-xr,8,706,1.13%,31
https://belmobile.be/products/mag324-325-boitier-decodeur-iptv-set-top-box-internet-by-infomir,8,687,1.16%,13.89
https://belmobile.be/nl/pages/smartphone-verkopen,8,678,1.18%,58.93
https://belmobile.be/pages/reparation-samsung-galaxy-watch-4-classic,8,393,2.04%,9.67
https://belmobile.be/pages/revendre-galaxy-z-flip4,8,243,3.29%,12.37
https://belmobile.be/pages/reparation-galaxy-s21-fe,8,138,5.8%,10.14
https://belmobile.be/pages/reparation-galaxy-note-20-ultra,8,105,7.62%,11.88
https://belmobile.be/pages/reparation-ipad-pro-11-2022,8,78,10.26%,9.54
https://belmobile.be/pages/reprise-iphone-bruxelles,7,2385,0.29%,8.14
https://belmobile.be/nl/pages/samsung-galaxy-s21-plus-reparatie,7,1370,0.51%,26.42
https://belmobile.be/nl/pages/reparation-playstation-4-slim-ps4-pro,7,1126,0.62%,35.8
https://belmobile.be/products/zte-blade-l210-4g-32gb-bleu,7,678,1.03%,8.57
https://belmobile.be/products/eid-lecteur-de-carte-didentite-usb-tax-on-web-acr38-zetes,7,325,2.15%,25.45
https://belmobile.be/pages/reparation-galaxy-a22,7,258,2.71%,8.67
https://belmobile.be/nl/collections/gsm-mobiele-telefoon,6,5740,0.1%,44.94
https://belmobile.be/nl/pages/revendre-ordinateur-pc-portable,6,1182,0.51%,66
https://belmobile.be/pages/reparation-apple-iphone,6,652,0.92%,23.42
https://belmobile.be/pages/revendre-iphone-14-pro,6,631,0.95%,15.08
https://belmobile.be/pages/reparation-p30,6,543,1.1%,27.5
https://belmobile.be/pages/reparation-p30-lite,6,486,1.23%,19.42
https://belmobile.be/nl/pages/reparation-samsung-galaxy-tab-s6-lite,6,382,1.57%,61.47
https://belmobile.be/pages/desoxydation-smartphone-bruxelles,6,324,1.85%,17.85
https://belmobile.be/pages/reparation-samsung-galaxy-tab-s5-e,6,280,2.14%,18.97
https://belmobile.be/pages/reparation-galaxy-a21s,6,260,2.31%,16.39
https://belmobile.be/pages/reparation-redmi-12c,6,197,3.05%,8.18
https://belmobile.be/pages/revendre-apple-ipad,6,188,3.19%,15.93
https://belmobile.be/pages/revendre-galaxy-s22-ultra,6,182,3.3%,16.29
https://belmobile.be/pages/reparation-ipad-air-5,6,170,3.53%,17.26
https://belmobile.be/pages/reparation-samsung-galaxy-tab-a7,6,169,3.55%,11.56
https://belmobile.be/nl/pages/samsung-galaxy-s23-ultra-verkopen,6,155,3.87%,14.61
https://belmobile.be/pages/revendre-samsung-galaxy-a15,6,118,5.08%,13.9
https://belmobile.be/pages/revendre-samsung-galaxy-a54,6,92,6.52%,8.34
https://belmobile.be/pages/revendre-huawei,6,86,6.98%,13.74
https://belmobile.be/products/telecommande-universelle-6-en-1-chunghop-rm-l677e-vcr-dvd-tv-sat-cbl-aux,6,82,7.32%,6.05
https://belmobile.be/products/vizyon-5000-hd-recepteur-satellite-numerique-full-hdtv,6,55,10.91%,8.62
https://belmobile.be/products/apple-iphone-se-2016-32gb-noir?variant=40508703801423&country=BE&currency=EUR&utm_medium=product_sync&utm_source=google&utm_content=sag_organic&utm_campaign=sag_organic,6,17,35.29%,6.29
https://belmobile.be/collections/mini-gsm-telephone-portable,5,5727,0.09%,35.48
https://belmobile.be/pages/ups-access-point-belmobile-be,5,5159,0.1%,12.02
https://belmobile.be/products/gsm-nokia-new-3310-3g,5,2966,0.17%,12.35
https://belmobile.be/nl/products/gsm-nokia-new-3310-3g,5,2668,0.19%,15.3
https://belmobile.be/nl/pages/revendre-apple-watch,5,2548,0.2%,45.55
https://belmobile.be/nl/pages/iphone-14-pro-verkopen,5,2050,0.24%,52.79
https://belmobile.be/pages/tempo-orange-belmobile-be,5,1052,0.48%,13.99
https://belmobile.be/pages/activation-sim,5,989,0.51%,20.71
https://belmobile.be/nl/pages/verkopen,5,761,0.66%,72.6
https://belmobile.be/pages/reparation-samsung-galaxy-a04s,5,571,0.88%,11.6
https://belmobile.be/nl/pages/reparation-samsung-galaxy-watch-4-classic,5,570,0.88%,41.62
https://belmobile.be/pages/reparation-samsung-galaxy,5,512,0.98%,22.19
https://belmobile.be/nl/pages/samsung-galaxy-a54-reparatie,5,374,1.34%,31.09
https://belmobile.be/pages/revendre-iphone-xs,5,332,1.51%,30.82
https://belmobile.be/products/pc-portable-hp-elitebook-755-g5,5,142,3.52%,10.92
https://belmobile.be/pages/reparation-ipad-air-4,5,128,3.91%,9.59
https://belmobile.be/pages/reparation-iphone-15-pro-max,5,108,4.63%,10.61
https://belmobile.be/pages/reparation-imac-24-m1,5,32,15.62%,12.59
https://belmobile.be/pages/reparation-samsung-galaxy-tab-s7-plus,5,29,17.24%,7.93
https://belmobile.be/pages/reparation-mac-bruxelles,4,2136,0.19%,18.46
https://belmobile.be/pages/recyclage-iphone,4,1895,0.21%,22.18
https://belmobile.be/collections/coques-et-housses,4,1235,0.32%,53.55
https://belmobile.be/pages/reparation-galaxy-s8-plus,4,616,0.65%,34.95
https://belmobile.be/pages/reparations-pc-portable-laptop,4,580,0.69%,47.26
https://belmobile.be/nl/products/pc-tablette-hybride-9-0-klipad-2-en-1-android-7-0,4,573,0.7%,15.68
https://belmobile.be/pages/reparation-p20,4,528,0.76%,17.26
https://belmobile.be/nl/pages/galaxy-z-flip4-verkopen,4,452,0.88%,44.58
https://belmobile.be/pages/reparation-ipad-9,4,387,1.03%,12.15
https://belmobile.be/pages/reparation-redmi-note-12-pro,4,364,1.1%,11.08
https://belmobile.be/products/smartwatch-pro-avec-carte-sim-et-appareil-photo,4,211,1.9%,8.86
https://belmobile.be/nl/products/blackberry-9720-pink,4,211,1.9%,15.04
https://belmobile.be/products/pack-combo-cctv-kit-8-cameras-de-surveillance-enregistreur-hd,4,195,2.05%,33.34
https://belmobile.be/nl/pages/reparation-playstation-5,4,188,2.13%,35.05
https://belmobile.be/pages/reparation-samsung-galaxy-a55,4,175,2.29%,7.9
https://belmobile.be/products/radio-internet-bluetooth-connect-120-dab-wi-fi-dab-fm-rds-usb-mp3-marron,4,152,2.63%,11.57
https://belmobile.be/nl/pages/groothandel-iphone-onderdelen-brussel,4,140,2.86%,20.93
https://belmobile.be/products/microphone-wster-ws-858-sans-fil-bluetooth-karaoke-et-haut-parleur-hi-fi,4,133,3.01%,8.32
https://belmobile.be/products/televiseur-24-led-hd-smart-tv-linsar-24led900-usb-internet,4,111,3.6%,9.64
https://belmobile.be/pages/reparation-samsung-galaxy-a20e,4,106,3.77%,14.74
https://belmobile.be/products/hp-240-g9-occasion,4,94,4.26%,6.41
https://belmobile.be/products/televiseur-moniteur-19-led-hd-smart-tv-linsar-19led900-usb,4,92,4.35%,9.83
https://belmobile.be/nl/pages/galaxy-s9-verkopen,4,90,4.44%,24.84
https://belmobile.be/pages/revendre-p30-pro,4,85,4.71%,13.21
https://belmobile.be/pages/revendre-samsung-galaxy-s23-ultra,4,74,5.41%,9.16
https://belmobile.be/pages/reparation-samsung-galaxy-s21-plus,4,54,7.41%,7.33
https://belmobile.be/pages/reparation-galaxy-note-10-plus,4,54,7.41%,21.76
https://belmobile.be/pages/reparation-xbox-360-bruxelles,4,48,8.33%,27.5
https://belmobile.be/pages/reparation-samsung-galaxy-s23-plus,4,41,9.76%,10.12
https://belmobile.be/pages/reparation-samsung-galaxy-tab-s2-9-7,4,37,10.81%,14.78
https://belmobile.be/nl/pages/rachat-macbook-bruxelles,3,5986,0.05%,44.69
https://belmobile.be/products/samsung-galaxy-s8-plus-64gb-noir,3,2156,0.14%,18.28
https://belmobile.be/nl/collections/iphone-occasion-bruxelles,3,1256,0.24%,54.96
https://belmobile.be/nl/pages/computer-reparatie-brussel,3,1227,0.24%,50.78
https://belmobile.be/pages/contactez-nous,3,1093,0.27%,3.55
https://belmobile.be/nl/products/apple-macbook-air-a1466-13-3-core-i5-1-4-ghz-ssd-128-gb-ram-8-go-grade-a,3,805,0.37%,18.34
https://belmobile.be/products/samsung-galaxy-j6-2018-32gb-dual-sim-noir?variant=40508761112655&country=BE&currency=EUR&utm_medium=product_sync&utm_source=google&utm_content=sag_organic&utm_campaign=sag_organic,3,655,0.46%,5.46
https://belmobile.be/pages/revendre-iphone-12,3,554,0.54%,13.9
https://belmobile.be/nl/pages/reparation-samsung-galaxy-tab-a7,3,541,0.55%,24.35
https://belmobile.be/pages/reparation-galaxy-s7-edge,3,498,0.6%,46.27
https://belmobile.be/products/gsm-nokia-105-dual-sim,3,426,0.7%,21.45
https://belmobile.be/nl/pages/huawei-reparatie-brussel,3,382,0.79%,50.7
https://belmobile.be/products/gsm-nokia-216,3,344,0.87%,10.5
https://belmobile.be/pages/revendre-iphone-12-mini,3,279,1.08%,12.56
https://belmobile.be/pages/revendre-galaxy-s22,3,250,1.2%,14.6
https://belmobile.be/nl/pages/iphone-reparatie-anderlecht,3,224,1.34%,7.37
https://belmobile.be/pages/reparation-samsung-galaxy-a33,3,178,1.69%,7.48
https://belmobile.be/pages/reparation-ipad,3,177,1.69%,14.64
https://belmobile.be/pages/revendre-galaxy-s21,3,177,1.69%,16.43
https://belmobile.be/pages/revendre-iphone-13-mini,3,170,1.76%,14.89
https://belmobile.be/pages/reparation-macbook-air-m1,3,157,1.91%,29.4
https://belmobile.be/pages/reparation-galaxy-a32,3,156,1.92%,14.27
https://belmobile.be/pages/reparation-samsung-galaxy-a13,3,145,2.07%,12.28
https://belmobile.be/pages/reparation-ipad-pro-11-2021,3,141,2.13%,11.6
https://belmobile.be/nl/pages/iphone-moederbord-microsolderen-brussel,3,137,2.19%,23.83
https://belmobile.be/blogs/blog-high-tech/le-verdict-est-tombe-notre-test-complet-du-samsung-galaxy-s23-ultra,3,133,2.26%,60.18
https://belmobile.be/products/devis-reservation-iphone-15-pro-max,3,119,2.52%,11.39
https://belmobile.be/pages/reparation-galaxy-a40,3,113,2.65%,21.99
https://belmobile.be/nl/pages/revendre-console,3,113,2.65%,49.7
https://belmobile.be/nl/pages/reparation-samsung-galaxy-tab-a7-lite,3,104,2.88%,25.59
https://belmobile.be/pages/reparation-samsung-galaxy-tab-s6,3,98,3.06%,34.76
https://belmobile.be/products/vizyon-7700-hd-se-plus-full-hdtv-recepteur-satellite-lan-pvr-usb,3,94,3.19%,7.81
https://belmobile.be/nl/products/radio-internet-bluetooth-connect-120-dab-wi-fi-dab-fm-rds-usb-mp3-marron,3,92,3.26%,8.26
https://belmobile.be/pages/reparation-samsung-galaxy-tab-a7-lite,3,92,3.26%,12.17
https://belmobile.be/pages/reparation-galaxy-s20-plus,3,91,3.3%,23.51
https://belmobile.be/pages/reparation-ipad-pro-12-9-2020,3,86,3.49%,13.24
https://belmobile.be/pages/revendre-galaxy-z-flip-5g,3,81,3.7%,14.85
https://belmobile.be/pages/reparation-mate-20-lite,3,81,3.7%,16.05
https://belmobile.be/nl/pages/avis-des-clients,3,68,4.41%,5.41
https://belmobile.be/pages/reparation-galaxy-note-10,3,66,4.55%,17.97
https://belmobile.be/pages/reparation-samsung-galaxy-tab-s6-lite,3,62,4.84%,7.73
https://belmobile.be/pages/reparation-ipad-mini-4,3,61,4.92%,17.67
https://belmobile.be/nl/pages/reparation-nintendo-bruxelles,3,55,5.45%,11.56
https://belmobile.be/pages/reparation-galaxy-note-9,3,37,8.11%,25.27
https://belmobile.be/pages/reparation-samsung-galaxy-tab-a-10-1-2019,3,26,11.54%,14.92
https://belmobile.be/pages/revendre-p20,3,24,12.5%,14.46
https://belmobile.be/products/enceintes-bluetooth-sans-fil-jhw-v621-wireless-portable,3,21,14.29%,2.57
https://belmobile.be/pages/reparation-galaxy-s9-plus,3,21,14.29%,14.9
https://belmobile.be/products/mjx-x400-v2-2-4g-rc-quadcopter-drone-helicoptere-wh-su512,3,17,17.65%,10.82
https://belmobile.be/nl/pages/galaxy-z-flip-5g-verkopen,3,14,21.43%,14.07
https://belmobile.be/products/adaptateur-durata-2-in-1-recharge-audio-3-5-mm,3,8,37.5%,7.88
https://belmobile.be/products/pc-portable-hp-hq-tre-71025?variant=48902729564508&country=BE&currency=EUR&utm_medium=product_sync&utm_source=google&utm_content=sag_organic&utm_campaign=sag_organic,3,3,100%,8.67
https://belmobile.be/nl/pages/inkoop-ipad-brussel,2,7560,0.03%,48.23
https://belmobile.be/pages/reparation-iphone-bruxelles,2,2418,0.08%,11.47
https://belmobile.be/collections/batteries-externes,2,2003,0.1%,47.18
https://belmobile.be/products/samsung-chargeur-rapide-original-type-c,2,1724,0.12%,22.71
https://belmobile.be/products/mini-clavier-bluetooth-azerty-sans-fil-2-4g-pour-pc-mac-ios,2,1328,0.15%,19.29
https://belmobile.be/nl/pages/iphone-15-pro-max-verkopen,2,1234,0.16%,53.05
https://belmobile.be/nl/pages/winkel-informatica-brussel,2,1215,0.16%,26.21
https://belmobile.be/nl/pages/samsung-galaxy-s21-ultra-reparatie,2,896,0.22%,32.22
https://belmobile.be/nl/pages/samsung-scherm-reparatie-brussel,2,886,0.23%,49.25
https://belmobile.be/nl/collections/smartphone-pas-cher-bruxelles,2,616,0.32%,29.22
https://belmobile.be/nl/pages/ipad-reparatie-brussel,2,432,0.46%,46.38
https://belmobile.be/pages/revendre-iphone-x,2,417,0.48%,19.47
https://belmobile.be/collections/protections-decran,2,331,0.6%,41.34
https://belmobile.be/products/recepteur-satellite-full-hd-sunny-at-15100-smart-box-android,2,287,0.7%,19.32
https://belmobile.be/pages/revendre-iphone-xs-max,2,251,0.8%,38.84
https://belmobile.be/products/vitre-tactile-de-remplacement-pour-ipad-qualite-aaa,2,241,0.83%,26.97
https://belmobile.be/nl/collections/refurbished-toestellen,2,226,0.88%,44.67
https://belmobile.be/products/samsung-galaxy-s6-edge-32gb-noir?variant=40391603880015&country=BE&currency=EUR&utm_medium=product_sync&utm_source=google&utm_content=sag_organic&utm_campaign=sag_organic,2,217,0.92%,5.44
https://belmobile.be/collections/telephones,2,211,0.95%,5.84
https://belmobile.be/pages/reparation-samsung-galaxy-a03s,2,157,1.27%,9.81
https://belmobile.be/nl/pages/apple-watch-reparatie-brussel,2,153,1.31%,38.51
https://belmobile.be/products/zte-mf910-modem-lte-4g-wifi-hotspot-win-mac-linux-android,2,148,1.35%,23.43
https://belmobile.be/pages/reparation-ipad-8,2,137,1.46%,15.5
https://belmobile.be/nl/pages/reparation-samsung-galaxy-watch-3,2,116,1.72%,26.53
https://belmobile.be/pages/choisissez-votre-appareil,2,112,1.79%,7.2
https://belmobile.be/pages/reparation-samsung-galaxy-tab-s7-fe,2,109,1.83%,10.15
https://belmobile.be/pages/reparation-mi-11-pro,2,100,2%,12.25
https://belmobile.be/nl/products/eid-lecteur-de-carte-didentite-usb-tax-on-web-acr38-zetes,2,97,2.06%,15.65
https://belmobile.be/pages/prix-rachat-reprise-iphone-ipad-macbook,2,97,2.06%,19.53
https://belmobile.be/nl/products/tiger-star-dvb-s-s2-top-box-m1-full-hd-recepteur-satellite-numerique,2,95,2.11%,6.03
https://belmobile.be/pages/reparation-p-smart-pro-2019,2,90,2.22%,28.62
https://belmobile.be/nl/collections/tv-home-cinema/recepteurs-iptv,2,86,2.33%,13.88
https://belmobile.be/nl/pages/samsung-galaxy-a53-reparatie,2,86,2.33%,24.43
https://belmobile.be/pages/reparation-galaxy-s10e,2,85,2.35%,21.89
https://belmobile.be/pages/reparation-galaxy-a41,2,73,2.74%,8.11
https://belmobile.be/pages/reparation-redmi-11a,2,71,2.82%,8.54
https://belmobile.be/pages/reparation-samsung-tab,2,65,3.08%,19.82
https://belmobile.be/pages/reparation-galaxy-s20-ultra,2,64,3.12%,10.22
https://belmobile.be/pages/reparation-galaxy-tab-s8,2,61,3.28%,14.39
https://belmobile.be/pages/revendre-galaxy-a52,2,59,3.39%,6.03
https://belmobile.be/products/samsung-galaxy-tab-a-10-1-32gb-wifi,2,56,3.57%,10.61
https://belmobile.be/pages/reparation-mi-11-lite,2,51,3.92%,10.88
https://belmobile.be/products/casque-sans-fil-remax-300hb-controle-tactile-de-bluetooth,2,47,4.26%,9.83
https://belmobile.be/products/mini-telephone-portable-noir-bluetooth-gtstar,2,47,4.26%,11.79
https://belmobile.be/products/gsm-itel-it2110-orange-dual-sim,2,42,4.76%,5.29
https://belmobile.be/pages/revendre-galaxy-a10,2,40,5%,10.12
https://belmobile.be/products/pc-portable-toshiba-satellite-c660-1j2,2,39,5.13%,12.28
https://belmobile.be/pages/reparation-samsung-galaxy-a73,2,38,5.26%,8.03
https://belmobile.be/pages/revendre-console,2,34,5.88%,24.29
https://belmobile.be/nl/pages/deblokkeren-iphone-brussel,2,32,6.25%,12.25
https://belmobile.be/nl/products/vizyon-5000-hd-recepteur-satellite-numerique-full-hdtv,2,30,6.67%,4.77
https://belmobile.be/products/weibo-souris-optique-2-4ghz-fc-207usb-avec-cable,2,30,6.67%,5.57
https://belmobile.be/pages/reparation-samsung-galaxy-watch-5-pro,2,30,6.67%,8.4
https://belmobile.be/products/gsm-samsung-e1200?variant=21491092029504&country=BE&currency=EUR&utm_medium=product_sync&utm_source=google&utm_content=sag_organic&utm_campaign=sag_organic,2,28,7.14%,6.96
https://belmobile.be/pages/revendre-galaxy-a70,2,28,7.14%,18.18
https://belmobile.be/products/pc-portable-lenovo-ideapad-3-15ada05?variant=48903125762396&country=BE&currency=EUR&utm_medium=product_sync&utm_source=google&utm_content=sag_organic&utm_campaign=sag_organic,2,26,7.69%,8.46
https://belmobile.be/pages/reparation-poco-x5,2,20,10%,8.5
https://belmobile.be/nl/collections/all/recepteurs-iptv,2,20,10%,10.75
https://belmobile.be/nl/pages/huawei-verkopen,2,17,11.76%,8.24
https://belmobile.be/pages/revendre-galaxy-s21-ultra,2,15,13.33%,12.87
https://belmobile.be/products/pc-portable-grundig-4gb-ram-320go-reconditionne,2,13,15.38%,3.62
https://belmobile.be/pages/revendre-galaxy-note-10-plus,2,13,15.38%,10.69
https://belmobile.be/nl/pages/jobs,2,11,18.18%,8.64
https://belmobile.be/products/pc-portable-acer-aspire-e15?variant=48903078707548&country=BE&currency=EUR&utm_medium=product_sync&utm_source=google&utm_content=sag_organic&utm_campaign=sag_organic,2,10,20%,2
https://belmobile.be/nl/products/enceintes-bluetooth-sans-fil-jhw-v621-wireless-portable,2,9,22.22%,4.11
https://belmobile.be/products/lenovo-ideapad-3-occasion?variant=49239141384540&country=BE&currency=EUR&utm_medium=product_sync&utm_source=google&utm_content=sag_organic&utm_campaign=sag_organic,2,8,25%,4.88
https://belmobile.be/pages/reparation-ipad-pro-12-9-2022,2,8,25%,12.5
https://belmobile.be/products/asus-x54h-sx314v-reconditionne,2,6,33.33%,12.5
https://belmobile.be/products/innovio-3000-hd-fta-full-hd-recepteur-satellite-numerique?variant=25528655413312&country=BE&currency=EUR&utm_medium=product_sync&utm_source=google&utm_content=sag_organic&utm_campaign=sag_organic,2,5,40%,4.6
https://belmobile.be/products/lecteur-cd-mp3-oneconcept-v13-bt-chaine-hi-fi-stereo-bluetooth-usb-radio?variant=24619799248960&country=BE&currency=EUR&utm_medium=product_sync&utm_source=google&utm_content=sag_organic&utm_campaign=sag_organic,2,4,50%,6.25
https://belmobile.be/products/tiger-star-dvb-s-s2-top-box-m1-full-hd-recepteur-satellite-numerique?variant=25403885420608&country=BE&currency=EUR&utm_medium=product_sync&utm_source=google&utm_content=sag_organic&utm_campaign=sag_organic,2,3,66.67%,7
https://belmobile.be/products/ecran-lcd-vitre-tactile-complet-pour-iphone-5-8p-qualite-aaa?variant=25621974155328&country=BE&currency=EUR&utm_medium=product_sync&utm_source=google&utm_content=sag_organic&utm_campaign=sag_organic,2,2,100%,1
https://belmobile.be/products/pc-portable-asus-zenbook-ux305c?variant=48902904709468&country=BE&currency=EUR&utm_medium=product_sync&utm_source=google&utm_content=sag_organic&utm_campaign=sag_organic,2,2,100%,5.5
https://belmobile.be/pages/reparation-ecran-iphone-bruxelles,1,2672,0.04%,8.38
https://belmobile.be/products/samsung-galaxy-s6-edge-32gb-noir,1,2280,0.04%,17.02
https://belmobile.be/pages/f-a-q-questions-frequentes,1,2101,0.05%,9.18
https://belmobile.be/products/samsung-galaxy-tab-a6-sm-t285-7-8gb-lte-4g,1,1497,0.07%,24.04
https://belmobile.be/nl/pages/iphone-14-pro-max-verkopen,1,1434,0.07%,60.3
https://belmobile.be/products/apple-ipad-4-16gb-wi-fi-silver-grade-a,1,1371,0.07%,15.23
https://belmobile.be/products/hp-spectre-pro-x360-13-core-i7-7500u-2-6-ghz-ssd-256-go-ram-8-gb,1,1187,0.08%,21.05
https://belmobile.be/collections/accessoires-gsm-smartphone-tablette,1,1146,0.09%,12.8
https://belmobile.be/products/cable-compatible-apple-lightning-vers-usb-pour-iphone-ipad-mac,1,1070,0.09%,28.57
https://belmobile.be/collections/enceintes-et-haut-parleurs,1,968,0.1%,72.84
https://belmobile.be/products/xiaomi-redmi-note-11-128go-occasion,1,966,0.1%,20.77
https://belmobile.be/products/gsm-lg-g360-clapet-double-sim-red,1,932,0.11%,26.72
https://belmobile.be/nl/products/samsung-galaxy-tab-a6-sm-t285-7-8gb-lte-4g,1,862,0.12%,18.89
https://belmobile.be/products/adaptateur-universel-avec-13-connecteurs-differents-yt-120w-zd-pour-ordinateur-portable,1,860,0.12%,16.83
https://belmobile.be/nl/pages/mac-reparatie-brussel,1,654,0.15%,41.48
https://belmobile.be/nl/pages/iphone-11-verkopen,1,634,0.16%,58.35
https://belmobile.be/nl/pages/iphone-x-reparatie,1,601,0.17%,41.56
https://belmobile.be/products/chargeur-compatible-apple-macbook-45w-60w-85w-magsafe-1-2,1,587,0.17%,22.66
https://belmobile.be/nl/pages/uw-high-tech-apparaten-cash-verkopen-brussel,1,575,0.17%,62.79
https://belmobile.be/products/enseigne-lumineuse-en-led-publicitaire-100-x-20cm-interieur-blanc,1,567,0.18%,50.44
https://belmobile.be/products/apple-iphone-7-32gb-noir,1,536,0.19%,40.56
https://belmobile.be/products/blackberry-9720-pink,1,509,0.2%,30.05
https://belmobile.be/nl/pages/iphone-reparatie-schaerbeek,1,506,0.2%,67.6
https://belmobile.be/nl/pages/iphone-12-pro-verkopen,1,470,0.21%,39.37
https://belmobile.be/products/pc-portable-acer-aspire-e15,1,465,0.22%,9.53
https://belmobile.be/products/xiaomi-mi-m365-scooter-trottinette-electrique-pliable-eabs,1,460,0.22%,31.4
https://belmobile.be/nl/pages/smartphone-reparatie-brussel,1,447,0.22%,63.44
https://belmobile.be/nl/pages/iphone-se-2020-reparatie,1,443,0.23%,38.5
https://belmobile.be/nl/pages/scarlet,1,424,0.24%,46.86
https://belmobile.be/products/ordinateurs-detachables-hp-elite-x2-hp-elite-x2-1013-g3-reconditionne,1,418,0.24%,18.53
https://belmobile.be/products/samsung-galaxy-s7-edge-32gb-black-grade-a,1,392,0.26%,34.23
https://belmobile.be/pages/revendre-iphone-11-pro-max,1,382,0.26%,18.82
https://belmobile.be/nl/pages/iphone-12-pro-max-reparatie,1,371,0.27%,32.18
https://belmobile.be/nl/products/pc-portable-asus-zenbook-ux305c,1,368,0.27%,61.94
https://belmobile.be/collections/tablettes,1,360,0.28%,6.34
https://belmobile.be/products/adaptateur-apple-lightning-vers-jack-3-5-mm,1,329,0.3%,24.82
https://belmobile.be/products/refroidisseur-pc-portable-laptop-usb-cooler-9-17-silencieux,1,296,0.34%,37.77
https://belmobile.be/nl/pages/galaxy-z-flip4-reparatie,1,275,0.36%,59.21
https://belmobile.be/pages/revendre-galaxy-s9-plus,1,247,0.4%,19.07
https://belmobile.be/products/samsung-bd-j5500r-lecteur-blu-ray-dvd-3d-dlna,1,237,0.42%,18.37
https://belmobile.be/nl/pages/aanvraag-gratis-offerte-reparatie,1,237,0.42%,83.41
https://belmobile.be/pages/revendre-iphone-15-plus,1,231,0.43%,15.56
https://belmobile.be/products/enceintes-haut-parleur-bluetooth-sans-fil-lesenz-wireless-portable,1,218,0.46%,51.94
https://belmobile.be/pages/revendre-galaxy-s20-plus,1,210,0.48%,16.56
https://belmobile.be/products/lenovo-ideapad-3-occasion,1,204,0.49%,17.7
https://belmobile.be/pages/reparation-samsung-galaxy-tab-s4-10-5,1,187,0.53%,66.24
https://belmobile.be/products/allume-cigare-carg7-transmetteur-fm-bluetooth-lecteur-de-musique-mp3-sd-usb,1,179,0.56%,40.93
https://belmobile.be/nl/pages/galaxy-s7-reparatie,1,163,0.61%,41.79
https://belmobile.be/nl/pages/galaxy-a51-verkopen,1,162,0.62%,29.03
https://belmobile.be/nl/pages/iphone-13-mini-reparatie,1,156,0.64%,60.06
https://belmobile.be/nl/pages/reparation-galaxy-tab-s8-ultra,1,148,0.68%,62.95
https://belmobile.be/pages/revendre-iphone-14-plus,1,139,0.72%,15.66
https://belmobile.be/products/enceintes-bluetooth-sans-fil-musyl-mu-001-wireless-portable,1,128,0.78%,6.16
https://belmobile.be/nl/products/xiaomi-mi-m365-scooter-trottinette-electrique-pliable-eabs,1,124,0.81%,48.29
https://belmobile.be/products/sony-ericsson-mbs-400-haut-parleurs-stereo-sans-fil,1,123,0.81%,52.42
https://belmobile.be/pages/reparation-huawei-p20-pro,1,121,0.83%,33.26
https://belmobile.be/pages/revendre-galaxy-s20-fe,1,118,0.85%,18.41
https://belmobile.be/pages/revendre-galaxy-z-flip3,1,117,0.85%,16.3
https://belmobile.be/products/samsung-galaxy-a6-32gb-black-grade-a,1,116,0.86%,53.2
https://belmobile.be/pages/reparation-galaxy-a10,1,110,0.91%,17.26
https://belmobile.be/nl/pages/reparation-xbox,1,107,0.93%,51.44
https://belmobile.be/pages/reparation-smartphone,1,105,0.95%,10.35
https://belmobile.be/pages/reparation-iphone-16-plus,1,105,0.95%,12.88
https://belmobile.be/nl/pages/reparation-samsung-galaxy-tab-a8-10-5-2021,1,105,0.95%,49.7
https://belmobile.be/pages/reparation-tablette,1,102,0.98%,9.17
https://belmobile.be/pages/revendre-galaxy-s8,1,102,0.98%,19.29
https://belmobile.be/products/pack-combo-kit-4-cameras-de-surveillance-enregistreur-hd,1,101,0.99%,24.73
https://belmobile.be/nl/pages/iphone-15-pro-verkopen,1,99,1.01%,69.01
https://belmobile.be/nl/pages/samsung-galaxy-a34-reparatie,1,93,1.08%,20.67
https://belmobile.be/nl/products/lecteur-cd-player-portable-auna-retro-anlage-aux-in-radio-fm,1,92,1.09%,7.08
https://belmobile.be/products/coque-batterie-jlw-x4-5500-mah-ultra-mince-pour-iphone-x,1,91,1.1%,17.37
https://belmobile.be/products/enceintes-bluetooth-sans-fil-rc-1051-wireless-portable,1,87,1.15%,56.53
https://belmobile.be/pages/reparation-iphone-14,1,85,1.18%,9.55
https://belmobile.be/pages/reparation-ipad-pro-11-2018,1,83,1.2%,10.76
https://belmobile.be/pages/reparation-galaxy-note-8,1,82,1.22%,33.34
https://belmobile.be/nl/pages/samsung-galaxy-a33-reparatie,1,82,1.22%,38.6
https://belmobile.be/products/alcatel-one-touch-pop-7-p310x,1,80,1.25%,17.31
https://belmobile.be/collections/ordinateurs-belmobile-be,1,74,1.35%,7.88
https://belmobile.be/products/aeg-mc-4447-ip-systeme-de-haut-parleurs-sans-fil-pour-apple-iphone-ipod,1,74,1.35%,44.18
https://belmobile.be/pages/reparation-samsung-galaxy-tab-4-7-0,1,73,1.37%,15.59
https://belmobile.be/nl/products/boitier-mxq-4k-smart-tv-android-systeme-dexploitation-android-6-0,1,72,1.39%,32.31
https://belmobile.be/nl/products/pc-portable-asus-rog-strix-g-g531,1,69,1.45%,18.12
https://belmobile.be/pages/reparation-galaxy-a20,1,66,1.52%,12.73
https://belmobile.be/nl/pages/tablet-reparatie-brussel,1,66,1.52%,75
https://belmobile.be/pages/revendre-p30,1,59,1.69%,8.31
https://belmobile.be/pages/reparation-samsung-watch,1,54,1.85%,8.56
https://belmobile.be/pages/reparation-galaxy-s8,1,52,1.92%,36.9
https://belmobile.be/pages/reparation-mi-11,1,50,2%,8.48
https://belmobile.be/pages/revendre-galaxy-a51,1,49,2.04%,7.73
https://belmobile.be/pages/reparation-galaxy-a31,1,47,2.13%,6.72
https://belmobile.be/pages/revendre-galaxy-a50,1,47,2.13%,9.7
https://belmobile.be/pages/reparation-galaxy-a72,1,45,2.22%,27.49
https://belmobile.be/nl/pages/galaxy-a40-verkopen,1,44,2.27%,59.86
https://belmobile.be/products/samsung-a52s-128go-occasion?variant=49239228481884&country=BE&currency=EUR&utm_medium=product_sync&utm_source=google&utm_content=sag_organic&utm_campaign=sag_organic,1,42,2.38%,8
https://belmobile.be/products/pc-portable-hp-laptop-15s-eq2120nb,1,42,2.38%,17.21
https://belmobile.be/nl/pages/p30-verkopen,1,42,2.38%,26.45
https://belmobile.be/nl/pages/reparation-switch-oled,1,41,2.44%,18.78
https://belmobile.be/products/samsung-galaxy-s7-edge-32gb-gold-grade-b,1,40,2.5%,31.62
https://belmobile.be/pages/reparation-samsung-galaxy-z-fold2,1,39,2.56%,6.33
https://belmobile.be/pages/reparation-watch-series-8-45mm-bruxelles,1,38,2.63%,17.66
https://belmobile.be/products/pc-portable-acer-chromebook-spin-cp513-1h-series?variant=48902919258460&country=BE&currency=EUR&utm_medium=product_sync&utm_source=google&utm_content=sag_organic&utm_campaign=sag_organic,1,37,2.7%,9.11
https://belmobile.be/products/apple-iphone-se-2016-32gb-noir,1,35,2.86%,8.8
https://belmobile.be/products/alcatel-one-touch-pop-10-p360x-lte-8gb-black,1,35,2.86%,27.8
https://belmobile.be/pages/reparation-mate-10-pro,1,34,2.94%,53.12
https://belmobile.be/nl/products/gsm-alcatel-1035x-noir,1,32,3.12%,10.44
https://belmobile.be/products/gsm-sonica-m1-dual-sim-card-2-camera-bluetooth,1,31,3.23%,7.29
https://belmobile.be/products/lecteur-mp3-cd-usb-auna-mc-120-stereo-chaine-hi-fi,1,31,3.23%,11.81
https://belmobile.be/nl/products/mini-telephone-portable-noir-bluetooth-gtstar,1,30,3.33%,8.97
https://belmobile.be/nl/pages/reparatie-gameconsole,1,30,3.33%,10.23
https://belmobile.be/nl/pages/galaxy-note-10-reparatie,1,30,3.33%,49.23
https://belmobile.be/nl/products/vizyon-7700-hd-se-plus-full-hdtv-recepteur-satellite-lan-pvr-usb,1,29,3.45%,7.69
https://belmobile.be/products/adaptateur-chargeur-de-remplacement-19-5v-4-62a-7-4x5-0mm-90w-pour-dell,1,29,3.45%,8.38
https://belmobile.be/products/xiaomi-mi-m365-scooter-trottinette-electrique-pliable-eabs?variant=21658857865280&country=BE&currency=EUR&utm_medium=product_sync&utm_source=google&utm_content=sag_organic&utm_campaign=sag_organic,1,28,3.57%,7.18
https://belmobile.be/products/cable-usb-type-c-original-huawei-5a-charge-synchro,1,27,3.7%,8.11
https://belmobile.be/products/ecouteur-sport-sans-fil-bluetooth-bt-007-blanc,1,27,3.7%,8.15
https://belmobile.be/pages/reparation-galaxy-tab-s8-ultra,1,26,3.85%,8.69
https://belmobile.be/nl/products/televiseur-philips-5300-series-led-hd-80-cm-32-ultra-plat-smart-tv,1,23,4.35%,8.13
https://belmobile.be/products/pc-portable-dell-latitude-e5550?variant=48903195623772&country=BE&currency=EUR&utm_medium=product_sync&utm_source=google&utm_content=sag_organic&utm_campaign=sag_organic,1,23,4.35%,10.83
https://belmobile.be/products/lecteur-cd-mp3-oneconcept-v13-bt-chaine-hi-fi-stereo-bluetooth-usb-radio,1,23,4.35%,14.09
https://belmobile.be/pages/revendre-p30-lite,1,22,4.55%,7.95
https://belmobile.be/products/enceintes-haut-parleur-sans-fil-t-g-tg133-mini-portable-bluetooth,1,22,4.55%,14.73
https://belmobile.be/nl/pages/iphone-15-pro-max-reparatie,1,21,4.76%,8.86
https://belmobile.be/pages/revendre-galaxy-a41,1,20,5%,5.55
https://belmobile.be/products/radio-internet-2-1-connect-150-lecteur-multimedia-mediaplayer-spotify-c,1,20,5%,8.05
https://belmobile.be/nl/pages/galaxy-s20-plus-verkopen,1,20,5%,14.25
https://belmobile.be/nl/pages/reparation-samsung-galaxy-tab-s7-plus,1,20,5%,24.95
https://belmobile.be/products/enceinte-haut-parleur-sans-fil-cigii-cylindrical-s22b-portable-bluetooth,1,19,5.26%,2.47
https://belmobile.be/pages/revendre-galaxy-a71,1,19,5.26%,7.95
https://belmobile.be/pages/revendre-galaxy-s23-plus,1,19,5.26%,8.89
https://belmobile.be/products/toshiba-c50d-a-134-15-e1-2100-1-ghz-hdd-500-go-ram-6-go-reconditionne,1,19,5.26%,31.05
https://belmobile.be/nl/products/gsm-nokia-216,1,17,5.88%,13.35
https://belmobile.be/nl/pages/redmi-10-reparatie,1,17,5.88%,14
https://belmobile.be/pages/reparation-smartphone-xiaomi,1,16,6.25%,15.31
https://belmobile.be/pages/revendre-p20-pro,1,16,6.25%,16.38
https://belmobile.be/nl/products/gsm-samsung-e1200,1,15,6.67%,9.33
https://belmobile.be/products/enceintes-haut-parleur-sans-fil-v4-2-t-g-tg109-portable-bluetooth,1,15,6.67%,15.6
https://belmobile.be/nl/products/adaptateur-universel-avec-13-connecteurs-differents-yt-120w-zd-pour-ordinateur-portable,1,15,6.67%,34.2
https://belmobile.be/pages/reparation-samsung-galaxy-tab-s8-plus,1,14,7.14%,7.07
https://belmobile.be/nl/products/telecommande-universelle-6-en-1-chunghop-rm-l677e-vcr-dvd-tv-sat-cbl-aux,1,14,7.14%,7.21
https://belmobile.be/nl/products/gsm-sonica-m1-dual-sim-card-2-camera-bluetooth,1,14,7.14%,8.86
https://belmobile.be/nl/products/leason-ls-126-wifi-fpv-camera-2-4g-33cm-rc-drone-quadcopter-ufo-drone-b-w,1,14,7.14%,11.21
https://belmobile.be/pages/revendre-galaxy-a20,1,14,7.14%,13.79
https://belmobile.be/pages/revendre-samsung-galaxy-a35,1,13,7.69%,4.38
https://belmobile.be/products/gsm-alcatel-5021d,1,13,7.69%,5.69
https://belmobile.be/products/pc-portable-hp-probook-4520s?variant=48903064715612&country=BE&currency=EUR&utm_medium=product_sync&utm_source=google&utm_content=sag_organic&utm_campaign=sag_organic,1,13,7.69%,8.77
https://belmobile.be/nl/products/lg-dp542h-lecteur-dvd-player-fullhd-1080p-usb-xvid-noir,1,13,7.69%,10.08
https://belmobile.be/nl/products/televiseur-24-led-hd-smart-tv-linsar-24led900-usb-internet,1,12,8.33%,6.25
https://belmobile.be/pages/reparation-macbook-air-13-2018-2020,1,12,8.33%,8.42
https://belmobile.be/nl/products/double-ecouteurs-buds-stereo-sans-fil-bluetooth-uniq-surround,1,12,8.33%,10.5
https://belmobile.be/pages/reparation-samsung-galaxy-watch-5,1,12,8.33%,10.58
https://belmobile.be/nl/products/enceintes-haut-parleur-cmik-mk-2009-bluetooth-lecteur-usb-sd-radio-fm-am-oem,1,11,9.09%,1.73
https://belmobile.be/products/mini-gsm-bm-m10?variant=21491957039168&country=BE&currency=EUR&utm_medium=product_sync&utm_source=google&utm_content=sag_organic&utm_campaign=sag_organic,1,11,9.09%,2.82
https://belmobile.be/products/enceintes-haut-parleur-mega-bass-music-f-d-092-en-bois,1,11,9.09%,5.82
https://belmobile.be/pages/reparation-galaxy-a80,1,11,9.09%,24.64
https://belmobile.be/products/sonica-r1-yellow-black,1,10,10%,7.9
https://belmobile.be/nl/pages/samsung-galaxy-z-flip-5g-reparatie,1,10,10%,10
https://belmobile.be/pages/reparation-samsung-galaxy-tab-s2-8-0,1,9,11.11%,4.67
https://belmobile.be/pages/revendre-samsung-galaxy-a25,1,9,11.11%,6.11
https://belmobile.be/pages/revendre-galaxy-a21s,1,9,11.11%,6.89
https://belmobile.be/products/samsung-galaxy-s6-edge-32gb-noir?variant=40391603847247&country=BE&currency=EUR&utm_medium=product_sync&utm_source=google&utm_content=sag_organic&utm_campaign=sag_organic,1,8,12.5%,2.38
https://belmobile.be/nl/products/adaptateur-chargeur-de-remplacement-universel-avec-10-connecteurs-differents-sy-90-w,1,8,12.5%,4.12
https://belmobile.be/pages/revendre-galaxy-note-20-ultra,1,8,12.5%,8.5
https://belmobile.be/products/telecommande-remote-control-pour-mag-250-254-255-260-261-270-iptv-tv-set-top-box?variant=25392282042432&country=BE&currency=EUR&utm_medium=product_sync&utm_source=google&utm_content=sag_organic&utm_campaign=sag_organic,1,7,14.29%,2.57
https://belmobile.be/products/pc-portable-toshiba-satellite-c870-1ge?variant=48902824427868&country=BE&currency=EUR&utm_medium=product_sync&utm_source=google&utm_content=sag_organic&utm_campaign=sag_organic,1,5,20%,2.2
https://belmobile.be/nl/products/enceintes-bluetooth-sans-fil-musyl-mu-001-wireless-portable,1,5,20%,4.2
https://belmobile.be/products/reparation-express-samsung-a55,1,5,20%,5
https://belmobile.be/nl/pages/poco-x5-reparatie,1,5,20%,6.6
https://belmobile.be/products/adaptateur-chargeur-de-remplacement-16v-4-5a-72w-pour-ibm-lenovo,1,5,20%,6.6
https://belmobile.be/products/pc-portable-dell-latitude-e5540-stockage-hybride?variant=48903118324060&country=BE&currency=EUR&utm_medium=product_sync&utm_source=google&utm_content=sag_organic&utm_campaign=sag_organic,1,5,20%,7.6
https://belmobile.be/nl/products/chargeur-multiline-powerstation-4-4a-4-port-usb-mw4403,1,5,20%,8.4
https://belmobile.be/nl/pages/p-smart-pro-2019-verkopen,1,5,20%,16
https://belmobile.be/nl/pages/galaxy-z-fold3-reparatie,1,4,25%,7.5
https://belmobile.be/nl/pages/p40-pro-verkopen,1,4,25%,26.25
https://belmobile.be/collections/enceintes-et-haut-parleurs?page=2,1,3,33.33%,3.67
https://belmobile.be/products/v14-mini-chaine-hifi-stereo-lecteur-cd-mp3-tuner-radio-fm-aux?variant=24610581217344&country=BE&currency=EUR&utm_medium=product_sync&utm_source=google&utm_content=sag_organic&utm_campaign=sag_organic,1,3,33.33%,8.33
https://belmobile.be/nl/pages/iphone-15-plus-reparatie,1,3,33.33%,10
https://belmobile.be/products/boitier-mxq-4k-smart-tv-android-systeme-dexploitation-android-6-0,1,3,33.33%,28.33
https://belmobile.be/products/lecteur-cd-player-portable-auna-retro-anlage-aux-in-radio-fm?variant=24609492664384&country=BE&currency=EUR&utm_medium=product_sync&utm_source=google&utm_content=sag_organic&utm_campaign=sag_organic,1,3,33.33%,39.67
https://belmobile.be/products/batterie-de-remplacement-interne-pour-iphone-qualite-aaa?variant=27306156163136&country=BE&currency=EUR&utm_medium=product_sync&utm_source=google&utm_content=sag_organic&utm_campaign=sag_organic,1,2,50%,2
https://belmobile.be/products/ecran-lcd-vitre-tactile-complet-pour-iphone-5-8p-qualite-aaa?variant=25620772257856&country=BE&currency=EUR&utm_medium=product_sync&utm_source=google&utm_content=sag_organic&utm_campaign=sag_organic,1,2,50%,4
https://belmobile.be/products/adaptateur-universel-avec-13-connecteurs-differents-yt-120w-zd-pour-ordinateur-portable?variant=26253158383680&country=BE&currency=EUR&utm_medium=product_sync&utm_source=google&utm_content=sag_organic&utm_campaign=sag_organic,1,2,50%,5
https://belmobile.be/products/batterie-de-remplacement-interne-pour-iphone-qualite-aaa?variant=27306156458048&country=BE&currency=EUR&utm_medium=product_sync&utm_source=google&utm_content=sag_organic&utm_campaign=sag_organic,1,1,100%,1
https://belmobile.be/products/ecouteurs-ibeats-by-dr-dre-avec-micro-son-haut-de-gamme?variant=24222833508416&country=BE&currency=EUR&utm_medium=product_sync&utm_source=google&utm_content=sag_organic&utm_campaign=sag_organic,1,1,100%,1
https://belmobile.be/products/ecran-lcd-vitre-tactile-complet-pour-iphone-5-8p-qualite-aaa?variant=25620464173120&country=BE&currency=EUR&utm_medium=product_sync&utm_source=google&utm_content=sag_organic&utm_campaign=sag_organic,1,1,100%,1
https://belmobile.be/products/mini-gsm-bm-m10?variant=21491957039168&amp;country=BE&amp;currency=EUR&amp;utm_medium=product_sync&amp;utm_source=google&amp;utm_content=sag_organic&amp;utm_campaign=sag_organic,1,1,100%,1
https://belmobile.be/products/radio-internet-2-1-connect-150-lecteur-multimedia-mediaplayer-spotify-c?variant=24608432980032&country=BE&currency=EUR&utm_medium=product_sync&utm_source=google&utm_content=sag_organic&utm_campaign=sag_organic,1,1,100%,1
https://belmobile.be/products/vizyon-7700-hd-se-plus-full-hdtv-recepteur-satellite-lan-pvr-usb?variant=25538781478976&country=BE&currency=EUR&utm_medium=product_sync&utm_source=google&utm_content=sag_organic&utm_campaign=sag_organic,1,1,100%,1
https://belmobile.be/products/cable-usb-type-c-original-huawei-5a-charge-synchro?variant=26440452735040&country=BE&currency=EUR&utm_medium=product_sync&utm_source=google&utm_content=sag_organic&utm_campaign=sag_organic,1,1,100%,3
https://belmobile.be/products/reparation-express-iphone-16-pro-max?variant=49437665788252&country=BE&currency=EUR&utm_medium=product_sync&utm_source=google&utm_content=sag_organic&utm_campaign=sag_organic,1,1,100%,3
https://belmobile.be/products/film-de-protection-ecran-en-verre-trempe-pour-samsung-galaxy?variant=46725907153244&country=BE&currency=EUR&utm_medium=product_sync&utm_source=google&utm_content=sag_organic&utm_campaign=sag_organic,1,1,100%,4
https://belmobile.be/products/telecommande-universelle-6-en-1-chunghop-rm-l677e-vcr-dvd-tv-sat-cbl-aux?variant=25393132765248&country=BE&currency=EUR&utm_medium=product_sync&utm_source=google&utm_content=sag_organic&utm_campaign=sag_organic,1,1,100%,6
https://belmobile.be/products/lecteur-mp3-cd-usb-auna-mc-120-stereo-chaine-hi-fi?variant=24609947451456&country=BE&currency=EUR&utm_medium=product_sync&utm_source=google&utm_content=sag_organic&utm_campaign=sag_organic,1,1,100%,12
https://belmobile.be/products/chargeur-compatible-apple-macbook-45w-60w-85w-magsafe-1-2?variant=22633363963968&country=BE&currency=EUR&utm_medium=product_sync&utm_source=google&utm_content=sag_organic&utm_campaign=sag_organic,1,1,100%,16
https://belmobile.be/collections/all?page=14,1,1,100%,18
https://belmobile.be/products/batterie-de-remplacement-interne-pour-iphone-qualite-aaa?variant=27306156687424&country=BE&currency=EUR&utm_medium=product_sync&utm_source=google&utm_content=sag_organic&utm_campaign=sag_organic,1,1,100%,22
https://belmobile.be/nl/pages/galaxy-a20s-verkopen,1,1,100%,31
https://belmobile.be/nl/pages/iphone-12-mini-verkopen,0,4570,0%,42.33
https://belmobile.be/nl/pages/hervatting-iphone-brussel,0,4314,0%,59.12
https://belmobile.be/nl/products/repetiteur-wifi-puissant-sans-fil-signal-amplificateur-range-extender-booster,0,2354,0%,52.97
https://belmobile.be/nl/pages/iphone-11-pro-verkopen,0,2335,0%,51.84
https://belmobile.be/nl/products/chargeur-compatible-apple-type-c-87w-61w-pour-macbook-pro,0,2221,0%,41.42
https://belmobile.be/collections/telephones/nokia,0,1763,0%,50.81
https://belmobile.be/pages/scarlet,0,1661,0%,29.62
https://belmobile.be/products/ecran-lcd-vitre-tactile-complet-pour-iphone-5-8p-qualite-aaa,0,1660,0%,35.35
https://belmobile.be/nl/products/apple-ipad-4-16gb-wi-fi-silver-grade-a,0,1523,0%,16.48
https://belmobile.be/products/enseigne-lumineuse-en-led-publicitaire-100-x-20cm-interieur-rouge,0,1492,0%,53.48
https://belmobile.be/nl/pages/recyclage-iphone,0,1401,0%,59.82
https://belmobile.be/products/samsung-galaxy-s9-plus-64gb-noir,0,1340,0%,28.04
https://belmobile.be/nl/products/samsung-galaxy-a50-4g-32gb-blanc,0,1278,0%,40.77
https://belmobile.be/products/samsung-galaxy-s8-64gb-black-noir,0,1264,0%,29.4
https://belmobile.be/nl/products/carte-memoire-micro-sdxc-64gb-sandisk,0,1240,0%,69.19
https://belmobile.be/collections,0,1235,0%,8.82
https://belmobile.be/products/apple-ecouteurs-earpods-avec-connecteur-lightning,0,1218,0%,33.38
https://belmobile.be/products/chargeur-compatible-apple-type-c-87w-61w-pour-macbook-pro,0,1197,0%,29.15
https://belmobile.be/products/pc-portable-asus-rog-strix-g-g531,0,1188,0%,33.62
https://belmobile.be/nl/pages/iphone-se-2022-verkopen,0,1121,0%,62.36
https://belmobile.be/nl/products/samsung-galaxy-s8-64gb-black-noir,0,1109,0%,39.4
https://belmobile.be/products/samsung-galaxy-note-8-64gb-black-grade-a,0,1050,0%,20.37
https://belmobile.be/nl/pages/ups-access-point-belmobile-be,0,1043,0%,17.21
https://belmobile.be/nl/products/cable-compatible-apple-lightning-vers-usb-pour-iphone-ipad-mac,0,1023,0%,31.34
https://belmobile.be/products/blackberry-curve-8520-black-grade-a,0,973,0%,21.46
https://belmobile.be/products/pc-portable-hp-pavilion-gaming-15-cx0017nl,0,960,0%,22.03
https://belmobile.be/nl/pages/iphone-12-pro-max-verkopen,0,921,0%,39.37
https://belmobile.be/products/samsung-chargeur-rapide-original-micro-usb,0,909,0%,20.71
https://belmobile.be/products/samsung-galaxy-j5-2017-16gb-dual-sim-noir,0,850,0%,24.39
https://belmobile.be/products/enseigne-lumineuse-en-led-publicitaire-100-x-20cm-interieur-bleu,0,820,0%,33.13
https://belmobile.be/products/samsung-galaxy-s7-edge-32gb-gold-grade-a,0,794,0%,23.56
https://belmobile.be/nl/products/samsung-galaxy-a5-2017-32gb-dual-sim-noir,0,778,0%,45.03
https://belmobile.be/nl/pages/iphone-x-verkopen,0,765,0%,64.62
https://belmobile.be/nl/pages/iphone-xr-verkopen,0,755,0%,66.43
https://belmobile.be/nl/products/samsung-galaxy-s7-edge-32gb-gold-grade-b,0,751,0%,34.52
https://belmobile.be/products/apple-iphone-8-64gb-noir,0,722,0%,26.72
https://belmobile.be/nl/products/carte-memoire-micro-sdxc-32gb-sandisk,0,720,0%,61.56
https://belmobile.be/nl/products/samsung-galaxy-tab-3-lite-7-8gb-wifi,0,697,0%,40.85
https://belmobile.be/nl/pages/galaxy-a02s-verkopen,0,679,0%,51.97
https://belmobile.be/products/samsung-galaxy-a13-4g-32gb-noir,0,678,0%,38.01
https://belmobile.be/nl/products/apple-iphone-8-64gb-noir,0,676,0%,38.73
https://belmobile.be/products/routeur-tp-link-wifi-n-300mbps-2-4g-5-ports-ethernet-blanc,0,671,0%,38.99
https://belmobile.be/nl/pages/iphone-se-2022-reparatie,0,651,0%,43.92
https://belmobile.be/products/samsung-ecouteurs-mobiles-akg-eo-ig955-noir,0,650,0%,11.64
https://belmobile.be/nl/products/routeur-tp-link-wifi-n-300mbps-2-4g-5-ports-ethernet-blanc,0,631,0%,51
https://belmobile.be/nl/products/samsung-galaxy-s9-plus-64gb-noir,0,629,0%,42.73
https://belmobile.be/nl/pages/iphone-11-pro-max-verkopen,0,626,0%,53.61
https://belmobile.be/products/manette-sans-fil-dualshock-4-pour-playstation-4,0,617,0%,41.29
https://belmobile.be/products/samsung-galaxy-s7-32gb-black-grade-a,0,598,0%,36.83
https://belmobile.be/products/vitre-protection-ecran-verre-trempe-iphone-xs-max-xr-8-7-6,0,597,0%,42.08
https://belmobile.be/nl/pages/samsung-galaxy-s22-plus-reparatie,0,595,0%,63.47
https://belmobile.be/products/apple-ipad-mini-2-16gb-wi-fi-4g-silver-grade-a-1,0,594,0%,27.67
https://belmobile.be/nl/blogs/hightech-blog/apple-iphone-14-pro-max-vaut-il-la-peine-dacheter,0,594,0%,48.9
https://belmobile.be/nl/products/samsung-galaxy-s6-edge-32gb-noir,0,576,0%,36.64
https://belmobile.be/products/apple-ipad-mini-2-16gb-wi-fi-space-grey-grade-b,0,572,0%,65.95
https://belmobile.be/nl/products/batterie-de-remplacement-interne-pour-iphone-qualite-aaa,0,565,0%,46.33
https://belmobile.be/nl/pages/samsung-galaxy-s23-verkopen,0,555,0%,35.19
https://belmobile.be/products/samsung-galaxy-a6-plus-32gb-black,0,541,0%,21.47
https://belmobile.be/products/google-pixel-8-128-go-noir-grade-a,0,526,0%,41.56
https://belmobile.be/nl/products/apple-ipad-mini-2-16gb-wi-fi-space-grey-grade-b,0,520,0%,43.17
https://belmobile.be/products/samsung-galaxy-s9-64gb-noir,0,520,0%,48.42
https://belmobile.be/nl/products/samsung-galaxy-s7-32gb-black-grade-a,0,507,0%,43.67
https://belmobile.be/nl/products/samsung-galaxy-s8-plus-64gb-noir,0,494,0%,16.44
https://belmobile.be/nl/pages/galaxy-s22-verkopen,0,487,0%,38.29
https://belmobile.be/products/clavier-azerty-fr-smart-usb-pc-laptop-windows-mac,0,481,0%,39.57
https://belmobile.be/nl/pages/galaxy-a52-verkopen,0,469,0%,39.97
https://belmobile.be/products/samsung-galaxy-a8-2018-32gb-dual-sim-noir,0,449,0%,43.44
https://belmobile.be/nl/products/ecran-lcd-vitre-tactile-complet-pour-iphone-5-8p-qualite-aaa,0,445,0%,11.39
https://belmobile.be/products/samsung-galaxy-tab-3-lite-7-8gb-wifi,0,445,0%,45.96
https://belmobile.be/nl/products/apple-iphone-8-plus-64gb-black-grade-a,0,442,0%,58.2
https://belmobile.be/nl/pages/iphone-11-pro-reparatie,0,438,0%,65.48
https://belmobile.be/nl/products/samsung-galaxy-j5-2017-16gb-dual-sim-noir,0,434,0%,31.33
https://belmobile.be/nl/products/samsung-bd-j5500r-lecteur-blu-ray-dvd-3d-dlna,0,433,0%,40.19
https://belmobile.be/nl/products/samsung-galaxy-a8-2018-32gb-dual-sim-noir,0,425,0%,41.36
https://belmobile.be/products/samsung-galaxy-tab-a6-sm-t280-7-8gb-wifi,0,417,0%,35.67
https://belmobile.be/products/nokia-lumia-920-32gb-grade-b?variant=22858113712192&country=BE&currency=EUR&utm_medium=product_sync&utm_source=google&utm_content=sag_organic&utm_campaign=sag_organic,0,413,0%,6.36
https://belmobile.be/nl/products/pc-portable-grundig-4gb-ram-320go-reconditionne,0,404,0%,32.85
https://belmobile.be/nl/pages/galaxy-s21-verkopen,0,403,0%,33.42
https://belmobile.be/products/samsung-galaxy-a50-4g-32gb-blanc,0,396,0%,46.35
https://belmobile.be/nl/pages/iphone-13-mini-verkopen,0,394,0%,26.41
https://belmobile.be/products/samsung-galaxy-j6-2018-32gb-dual-sim-noir,0,394,0%,27.66
https://belmobile.be/nl/products/televiseur-samsung-4k-hdr-serie-nu7100-55-138cm-smart-wifi,0,393,0%,28.07
https://belmobile.be/nl/pages/reparation-samsung-galaxy-tab-active3,0,392,0%,53.56
https://belmobile.be/nl/pages/galaxy-z-fold2-verkopen,0,388,0%,55.78
https://belmobile.be/products/pc-portable-asus-zenbook-ux305c,0,383,0%,39.22
https://belmobile.be/nl/pages/galaxy-s20-verkopen,0,383,0%,58.7
https://belmobile.be/nl/pages/iphone-15-verkopen,0,380,0%,77.16
https://belmobile.be/products/nokia-5-16gb-cuivre,0,371,0%,21.18
https://belmobile.be/products/samsung-galaxy-a6-32gb-black,0,369,0%,32.08
https://belmobile.be/collections/occasions/samsung,0,369,0%,49.53
https://belmobile.be/products/blackberry-z30-16gb-black,0,368,0%,29.8
https://belmobile.be/nl/products/gsm-nokia-105-dual-sim,0,368,0%,34.45
https://belmobile.be/products/gsm-samsung-e1200,0,360,0%,31.05
https://belmobile.be/nl/pages/samsung-verkopen,0,354,0%,65.45
https://belmobile.be/products/sony-cyber-shot-dsc-w610-14-1-mp-digital-camera-4x-zoom,0,352,0%,21.75
https://belmobile.be/nl/products/nokia-lumia-920-32gb-grade-b,0,351,0%,33.17
https://belmobile.be/products/pc-portable-hp-elitebook-840,0,351,0%,35.85
https://belmobile.be/products/apple-ipad-mini-2-16gb-wi-fi-4g-silver-grade-a,0,344,0%,35.65
https://belmobile.be/nl/products/google-pixel-8-128-go-noir-grade-a,0,340,0%,47.19
https://belmobile.be/nl/products/enceinte-haut-parleur-sans-fil-portable-boombox-bluetooth-power-bank,0,339,0%,35.58
https://belmobile.be/products/apple-iphone-7-plus-32gb-black-grade-a,0,338,0%,32.7
https://belmobile.be/nl/products/enseigne-lumineuse-en-led-publicitaire-100-x-20cm-interieur-blanc,0,338,0%,33.16
https://belmobile.be/nl/pages/galaxy-note-20-verkopen,0,337,0%,14.72
https://belmobile.be/nl/products/blackberry-curve-8520-black-grade-b,0,332,0%,31.02
https://belmobile.be/nl/products/apple-iphone-7-plus-32gb-black-grade-a,0,332,0%,42.05
https://belmobile.be/nl/blogs/hightech-blog/10-astuces-pour-booster-les-performances-de-votre-ordinateur-lent,0,328,0%,53.68
https://belmobile.be/nl/pages/samsung-galaxy-a13-reparatie,0,322,0%,79.5
https://belmobile.be/nl/products/huawei-mate-10-pro-4g-128gb-marron-grade-c,0,319,0%,31.01
https://belmobile.be/nl/products/enceintes-haut-parleur-mega-bass-music-f-d-09-en-bois,0,316,0%,20.19
https://belmobile.be/products/film-de-protection-ecran-en-verre-trempe-pour-samsung-galaxy,0,316,0%,29.9
https://belmobile.be/products/samsung-galaxy-a5-2017-32gb-dual-sim-noir,0,315,0%,42.46
https://belmobile.be/nl/pages/iphone-12-mini-reparatie,0,314,0%,22.5
https://belmobile.be/nl/products/ecouteurs-ibeats-by-dr-dre-avec-micro-son-haut-de-gamme,0,313,0%,11.27
https://belmobile.be/nl/products/samsung-galaxy-tab-a-10-1-32gb-wifi,0,309,0%,36.06
https://belmobile.be/nl/collections/occasions/ipad,0,302,0%,43.55
https://belmobile.be/products/boitier-pour-disque-dur-externe-usb-2-0-sata-hdd-3-5-adaptateur-dalimentation,0,297,0%,44.67
https://belmobile.be/products/apple-ipod-iphone-adaptateur-secteur-usb,0,296,0%,32.53
https://belmobile.be/products/pc-portable-lenovo-legion-5,0,294,0%,29.99
https://belmobile.be/nl/pages/galaxy-s21-fe-verkopen,0,294,0%,53.01
https://belmobile.be/nl/pages/iphone-12-pro-reparatie,0,294,0%,60.23
https://belmobile.be/products/apple-iphone-8-plus-64gb-black-grade-a,0,283,0%,45.15
https://belmobile.be/nl/pages/galaxy-s7-edge-reparatie,0,279,0%,22.73
https://belmobile.be/nl/pages/galaxy-a70-reparatie,0,267,0%,35.1
https://belmobile.be/nl/pages/iphone-reparatie-brussel-stad,0,264,0%,58.43
https://belmobile.be/products/enceintes-bluetooth-sans-fil-gogle-speaker-portable-wireless,0,257,0%,69.33
https://belmobile.be/collections/chargeurs-et-cables,0,256,0%,36.61
https://belmobile.be/products/apple-ipad-mini-2-16gb-wi-fi-space-grey-grade-a,0,251,0%,25.24
https://belmobile.be/nl/pages/reparatie-samsung-galaxy,0,250,0%,57.56
https://belmobile.be/nl/pages/iphone-batterij-vervangen,0,248,0%,60.05
https://belmobile.be/nl/products/apple-iphone-se-2016-32gb-noir,0,245,0%,31.56
https://belmobile.be/products/clecteur-reader-adaptateur-usb-multi-carte-memoire-sd-sdhc-mmc-tflash-micro-sd,0,245,0%,42.75
https://belmobile.be/nl/pages/galaxy-s22-ultra-verkopen,0,244,0%,23.02
https://belmobile.be/nl/pages/reparation-macbook-air-m2,0,243,0%,63.35
https://belmobile.be/products/samsung-galaxy-s8-64gb-black-noir?variant=40354770419791&country=BE&currency=EUR&utm_medium=product_sync&utm_source=google&utm_content=sag_organic&utm_campaign=sag_organic,0,242,0%,11.75
https://belmobile.be/nl/pages/galaxy-note-9-verkopen,0,236,0%,50.1
https://belmobile.be/pages/revendre-iphone-12-pro-max,0,231,0%,18.42
https://belmobile.be/nl/pages/galaxy-s9-reparatie,0,231,0%,47.28
https://belmobile.be/nl/products/samsung-galaxy-a13-4g-32gb-noir,0,230,0%,43.8
https://belmobile.be/products/nokia-lumia-920-32gb-grade-b,0,227,0%,18.52
https://belmobile.be/products/adaptateur-300mbps-usb-wifi-sans-fil-antenne-externe,0,227,0%,32.84
https://belmobile.be/nl/pages/galaxy-s10-verkopen,0,222,0%,74.02
https://belmobile.be/nl/products/samsung-galaxy-a6-32gb-black,0,221,0%,41.84
https://belmobile.be/nl/collections/powerbanks,0,214,0%,49
https://belmobile.be/pages/revendre-galaxy-s8-plus,0,211,0%,22.35
https://belmobile.be/nl/products/samsung-galaxy-a6-plus-32gb-black,0,206,0%,29.99
https://belmobile.be/nl/pages/iphone-12-verkopen,0,198,0%,52
https://belmobile.be/products/pc-portable-lenovo-ideapad-3-15ada05,0,197,0%,17.62
https://belmobile.be/nl/products/blackberry-z30-16gb-black,0,197,0%,39.06
https://belmobile.be/nl/products/carte-memoire-micro-sdhc-8-gb-kingston,0,193,0%,36.08
https://belmobile.be/products/chargeur-samsung-rapide-de-voiture-cable-usb,0,190,0%,30.44
https://belmobile.be/products/enceintes-bluetooth-sans-fil-music-mini-portable-wireless,0,188,0%,60.86
https://belmobile.be/nl/products/apple-ecouteurs-earpods-3-5-mm-jack-blanc,0,187,0%,57.17
https://belmobile.be/products/qi-chargeur-sans-fil-rapide,0,185,0%,43.15
https://belmobile.be/nl/products/adaptateur-micro-usb-vers-usb-type-c-blanc,0,184,0%,42.04
https://belmobile.be/nl/pages/galaxy-s20-fe-verkopen,0,183,0%,37.05
https://belmobile.be/nl/pages/reparation-xbox-one,0,181,0%,40.63
https://belmobile.be/nl/products/apple-ipad-mini-2-16gb-wi-fi-space-grey-grade-a,0,180,0%,34.84
https://belmobile.be/nl/pages/galaxy-a71-reparatie,0,179,0%,56.83
https://belmobile.be/nl/collections/gsm-mobiele-telefoon?page=2,0,178,0%,46.21
https://belmobile.be/products/televiseur-samsung-4k-hdr-serie-nu7100-55-138cm-smart-wifi,0,176,0%,60.38
https://belmobile.be/products/pc-portable-elitebook-840-g3,0,175,0%,20.85
https://belmobile.be/products/red-dead-redemption-2-fr-pour-ps4,0,175,0%,34.13
https://belmobile.be/nl/products/mini-clavier-bluetooth-azerty-sans-fil-2-4g-pour-pc-mac-ios,0,171,0%,44.28
https://belmobile.be/products/qi-wireless-powerbank-batterie-de-secours-avec-ecran-lcd,0,167,0%,34.08
https://belmobile.be/nl/products/gran-turismo-gt-sport-fr-nl-pour-ps4,0,166,0%,17.81
https://belmobile.be/nl/products/blackberry-curve-8520-black-grade-a,0,166,0%,48.52
https://belmobile.be/nl/pages/samsung-galaxy-z-fold2-reparatie,0,166,0%,48.83
https://belmobile.be/nl/pages/iphone-gegevens-herstellen-brussel,0,166,0%,53.31
https://belmobile.be/products/blackberry-curve-8520-black-grade-b,0,166,0%,56.95
https://belmobile.be/collections/mini-gsm-telephone-portable?page=5,0,162,0%,74.22
https://belmobile.be/products/boitier-android-4k-ultrahd-formuler-z-plus-wifi-iptv-vod,0,158,0%,15.73
https://belmobile.be/nl/pages/reparation-samsung-galaxy-tab-a-10-1-2019,0,157,0%,50.44
https://belmobile.be/nl/products/enceinte-haut-parleur-sans-fil-charge-3-portable-bluetooth,0,155,0%,35.06
https://belmobile.be/pages/revendre-iphone-se-2022,0,154,0%,23.6
https://belmobile.be/products/apple-iphone-xs-max-64-gb-dual-sim-silver,0,153,0%,43.51
https://belmobile.be/products/pc-portable-elitebook-840-g3?variant=48903173275996&country=BE&currency=EUR&utm_medium=product_sync&utm_source=google&utm_content=sag_organic&utm_campaign=sag_organic,0,152,0%,11.74
https://belmobile.be/nl/products/chargeur-adaptateur-secteur-type-c-pour-ordinateurs-portables-hp-dell-lenovo-asus,0,150,0%,79.57
https://belmobile.be/products/pc-portable-acer-chromebook-spin-cp513-1h-series,0,148,0%,28.39
https://belmobile.be/nl/pages/galaxy-note-9-reparatie,0,147,0%,20.79
https://belmobile.be/products/camera-daction-sport-etanche-4k-ultra-hd-wifi-ecran-lcd-2,0,147,0%,57.06
https://belmobile.be/nl/collections/consoles-en-videogames,0,144,0%,80.54
https://belmobile.be/nl/collections/telephones/nokia,0,141,0%,56.26
https://belmobile.be/pages/revendre-galaxy-s10,0,139,0%,21.33
https://belmobile.be/products/chargeur-adaptateur-secteur-type-c-pour-ordinateurs-portables-hp-dell-lenovo-asus,0,138,0%,47.43
https://belmobile.be/nl/products/samsung-galaxy-j6-2018-32gb-dual-sim-noir,0,135,0%,31.07
https://belmobile.be/pages/reparation-ordinateur,0,135,0%,34.93
https://belmobile.be/nl/pages/smartphone-deoxidatie-brussel,0,133,0%,71.89
https://belmobile.be/pages/revendre-galaxy-s20-ultra,0,132,0%,17.81
https://belmobile.be/pages/reparation-iphone-15-plus,0,130,0%,10.23
https://belmobile.be/nl/pages/galaxy-a41-reparatie,0,128,0%,29.91
https://belmobile.be/nl/products/apple-ecouteurs-earpods-avec-connecteur-lightning,0,127,0%,42.17
https://belmobile.be/products/nokia-3-16gb-white,0,124,0%,27.29
https://belmobile.be/nl/products/apple-iphone-xs-max-64-gb-dual-sim-silver,0,120,0%,41.99
https://belmobile.be/nl/pages/galaxy-a52-reparatie,0,119,0%,51.08
https://belmobile.be/collections/nouveautes-high-tech/nokia,0,118,0%,45.65
https://belmobile.be/pages/revendre-galaxy-s21-fe,0,117,0%,15.52
https://belmobile.be/pages/revendre-galaxy-s10-plus,0,117,0%,18.08
https://belmobile.be/products/remax-powerbank-10000-mah-batterie-externe-portable,0,117,0%,42.61
https://belmobile.be/nl/pages/revendre-ps5,0,117,0%,84.79
https://belmobile.be/nl/collections/gsm-mobiele-telefoon?page=5,0,116,0%,84.97
https://belmobile.be/products/chargeur-wireless-qi-compatible-sans-fil-recepteur-de-charge-blanc,0,115,0%,42.47
https://belmobile.be/nl/pages/galaxy-note-8-reparatie,0,113,0%,42.92
https://belmobile.be/nl/pages/reparatie-apple-iphone,0,113,0%,51.88
https://belmobile.be/nl/pages/reparation-apple-watch,0,113,0%,65.82
https://belmobile.be/blogs/blog-high-tech/apple-iphone-14-pro-max-vaut-il-la-peine-dacheter,0,111,0%,40.67
https://belmobile.be/nl/products/enceintes-bluetooth-sans-fil-soundlink-mini-portable-wireless,0,111,0%,42.23
https://belmobile.be/products/enceintes-bluetooth-sans-fil-by1010-wireless-portable,0,111,0%,67.28
https://belmobile.be/nl/products/clavier-azerty-fr-smart-usb-pc-laptop-windows-mac,0,110,0%,43.7
https://belmobile.be/nl/pages/reparation-samsung-galaxy-tab-s7-fe,0,110,0%,55.66
https://belmobile.be/products/blackberry-curve-8520-black-grade-b?variant=27064167235648&country=BE&currency=EUR&utm_medium=product_sync&utm_source=google&utm_content=sag_organic&utm_campaign=sag_organic,0,106,0%,5.51
https://belmobile.be/pages/reparation-ipad-pro-10-5-2017,0,103,0%,9.89
https://belmobile.be/nl/pages/galaxy-a30s-reparatie,0,103,0%,20.74
https://belmobile.be/nl/products/samsung-galaxy-tab-a6-sm-t280-7-8gb-wifi,0,103,0%,28.7
https://belmobile.be/products/gran-turismo-gt-sport-fr-nl-pour-ps4,0,101,0%,24.97
https://belmobile.be/nl/products/sony-cyber-shot-dsc-w610-14-1-mp-digital-camera-4x-zoom,0,101,0%,28.99
https://belmobile.be/nl/products/enceintes-haut-parleur-mega-bass-music-f-d-092-en-bois,0,100,0%,24.53
https://belmobile.be/nl/pages/iphone-13-pro-max-reparatie,0,99,0%,23.53
https://belmobile.be/products/coque-souple-en-fibre-de-carbone-pour-huawei-haute-protection,0,99,0%,54.46
https://belmobile.be/products/enceintes-haut-parleur-hy-218-portable-usb-stereo-pour-pc-de-bureau,0,99,0%,84.05
https://belmobile.be/nl/products/ordinateurs-detachables-hp-elite-x2-hp-elite-x2-1013-g3-reconditionne,0,96,0%,27.26
https://belmobile.be/nl/products/red-dead-redemption-2-fr-pour-ps4,0,96,0%,29.36
https://belmobile.be/nl/pages/galaxy-s9-plus-reparatie,0,96,0%,49.51
https://belmobile.be/products/trekstor-surftab-twin-3g-2-go-ram-32-go-wi-fi-windows-11-6-hd-display,0,95,0%,23.07
https://belmobile.be/nl/pages/galaxy-a10-reparatie,0,95,0%,43.28
https://belmobile.be/products/blackberry-9720-pink?variant=23029575155776&country=BE&currency=EUR&utm_medium=product_sync&utm_source=google&utm_content=sag_organic&utm_campaign=sag_organic,0,94,0%,9.45
https://belmobile.be/nl/products/mario-rabbits-kingdom-battle-pour-nintendo-switch,0,94,0%,37.48
https://belmobile.be/products/repetiteur-wifi-puissant-sans-fil-signal-amplificateur-range-extender-booster,0,94,0%,56.87
https://belmobile.be/nl/products/adaptateur-300mbps-usb-wifi-sans-fil-antenne-externe,0,92,0%,64.63
https://belmobile.be/nl/products/reconditionne-asus-vivobook-s14-s430u-14-i3-8gb-512gb-or-azerty,0,91,0%,32.53
https://belmobile.be/nl/products/stick-3g-hspa-wifi-modem-dongle-usb-win-mac-linux-android,0,90,0%,7.67
https://belmobile.be/nl/blogs/hightech-blog/reparation-face-id-iphone-prix-bruxelles,0,90,0%,11.7
https://belmobile.be/products/coque-housse-guess-irescent-elegant-cover-book-case-pour-iphone-8-7-6s,0,90,0%,25.22
https://belmobile.be/nl/pages/samsung-galaxy-s23-ultra-reparatie,0,89,0%,12.56
https://belmobile.be/products/blackberry-z30-16gb-black?variant=23042700116032&country=BE&currency=EUR&utm_medium=product_sync&utm_source=google&utm_content=sag_organic&utm_campaign=sag_organic,0,88,0%,11.33
https://belmobile.be/pages/reparation-ipad-bruxelles,0,88,0%,21.12
https://belmobile.be/nl/pages/iphone-reparatie-molenbeek,0,87,0%,7.97
https://belmobile.be/pages/revendre-iphone-11-pro,0,87,0%,39.85
https://belmobile.be/pages/reparation-galaxy-s7,0,86,0%,43.15
https://belmobile.be/nl/pages/galaxy-s20-plus-reparatie,0,86,0%,54.52
https://belmobile.be/nl/pages/reparation-ipad-9,0,85,0%,43.51
https://belmobile.be/products/apple-iphone-se-2020-64gb-noir,0,85,0%,49.08
https://belmobile.be/products/cable-usb-type-c-vers-lightning,0,84,0%,33.93
https://belmobile.be/pages/revendre-galaxy-z-fold3,0,83,0%,16.13
https://belmobile.be/products/rixus-lecteur-de-voiture-fm-bluetooth-rx-bt02,0,81,0%,6.64
https://belmobile.be/nl/pages/galaxy-s20-ultra-reparatie,0,81,0%,54.73
https://belmobile.be/nl/pages/galaxy-note-10-verkopen,0,79,0%,21.03
https://belmobile.be/pages/revendre-galaxy-s10e,0,78,0%,24.19
https://belmobile.be/nl/collections/smartphone-en-tablet-onderdelen,0,77,0%,50.4
https://belmobile.be/nl/pages/reparation-watch-series-8-41mm,0,76,0%,70.46
https://belmobile.be/pages/reparation-iphone-16-pro,0,75,0%,13.36
https://belmobile.be/nl/pages/galaxy-s8-plus-reparatie,0,75,0%,48.43
https://belmobile.be/products/ecouteurs-ibeats-by-dr-dre-avec-micro-son-haut-de-gamme,0,73,0%,15.45
https://belmobile.be/nl/pages/galaxy-a50-verkopen,0,72,0%,57.33
https://belmobile.be/nl/pages/reparation-ipad-air-5,0,70,0%,58.64
https://belmobile.be/products/zte-blade-l210-4g-32gb-bleu?variant=40381388423247&country=BE&currency=EUR&utm_medium=product_sync&utm_source=google&utm_content=sag_organic&utm_campaign=sag_organic,0,69,0%,12.12
https://belmobile.be/nl/products/film-de-protection-ecran-en-verre-trempe-pour-samsung-galaxy,0,69,0%,46.54
https://belmobile.be/products/blackberry-curve-8520-black-grade-a?variant=27061886353472&country=BE&currency=EUR&utm_medium=product_sync&utm_source=google&utm_content=sag_organic&utm_campaign=sag_organic,0,67,0%,6.31
https://belmobile.be/products/medialink-ml8100-iptv-android-4k-full-uhd-60fps,0,66,0%,9.56
https://belmobile.be/products/console-mini-nes-nintendo-classic-30-jeux,0,66,0%,27.71
https://belmobile.be/nl/products/enseigne-lumineuse-en-led-publicitaire-100-x-20cm-interieur-rouge,0,63,0%,21.37
https://belmobile.be/products/samsung-galaxy-s6-32gb-black-blue-grade-a,0,63,0%,50.56
https://belmobile.be/products/samsung-galaxy-s8-plus-64gb-noir?variant=40381686906959&country=BE&currency=EUR&utm_medium=product_sync&utm_source=google&utm_content=sag_organic&utm_campaign=sag_organic,0,62,0%,11.06
https://belmobile.be/pages/reparation-huawei,0,62,0%,11.55
https://belmobile.be/nl/pages/iphone-13-pro-reparatie,0,62,0%,21.77
https://belmobile.be/nl/products/console-mini-nes-nintendo-classic-30-jeux,0,60,0%,36.33
https://belmobile.be/products/carte-memoire-micro-sdhc-8-gb-kingston,0,60,0%,39.95
https://belmobile.be/nl/pages/samsung-galaxy-z-fold4-reparatie,0,60,0%,66.4
https://belmobile.be/nl/pages/reparatie-smartphone,0,60,0%,87.15
https://belmobile.be/products/batterie-de-remplacement-interne-pour-iphone-qualite-aaa,0,59,0%,45.39
https://belmobile.be/nl/pages/galaxy-a22-verkopen,0,59,0%,78.92
https://belmobile.be/nl/pages/galaxy-a12-verkopen,0,58,0%,29.45
https://belmobile.be/nl/products/weibo-souris-optique-fc-3010-usb-avec-cable,0,58,0%,54.72
https://belmobile.be/products/modem-routeur-tp-link-wifi-adsl2-300mbps-2-4g-4-ports-wan,0,58,0%,87.78
https://belmobile.be/pages/reparation-samsung-galaxy-a24,0,57,0%,8.72
https://belmobile.be/products/samsung-galaxy-a6-32gb-gold,0,57,0%,27.86
https://belmobile.be/pages/reparation-ipad-mini-6,0,56,0%,14.34
https://belmobile.be/collections/enceintes-et-haut-parleurs?page=3,0,56,0%,16.57
https://belmobile.be/pages/revendre-galaxy-s21-plus,0,55,0%,16.53
https://belmobile.be/nl/pages/huawei-p20-pro-reparatie,0,55,0%,53.49
https://belmobile.be/nl/pages/reparation-switch-lite-bruxelles,0,54,0%,26.26
https://belmobile.be/collections/mini-gsm-telephone-portable?page=2,0,54,0%,84.91
https://belmobile.be/products/pc-portable-toshiba-satellite-c870-1ge,0,53,0%,13.43
https://belmobile.be/products/pc-portable-dell-latitude-e5540-stockage-hybride,0,53,0%,16.09
https://belmobile.be/nl/collections/koptelefoons-en-oordopjes,0,53,0%,29.74
https://belmobile.be/nl/pages/galaxy-s21-reparatie,0,53,0%,65.02
https://belmobile.be/products/chargeur-durata-led-press-lamp-avec-4-ports-usb,0,52,0%,14.1
https://belmobile.be/nl/pages/galaxy-a41-verkopen,0,52,0%,66.65
https://belmobile.be/collections/all,0,51,0%,8.71
https://belmobile.be/nl/pages/galaxy-note-10-lite-verkopen,0,51,0%,81.14
https://belmobile.be/products/reparation-express-iphone-16-pro,0,50,0%,13.66
https://belmobile.be/products/adaptateur-micro-usb-vers-usb-type-c-blanc,0,50,0%,17.42
https://belmobile.be/nl/pages/samsung-galaxy-a23-reparatie,0,50,0%,21.28
https://belmobile.be/nl/pages/p-smart-pro-2019-reparatie,0,50,0%,49.66
https://belmobile.be/collections/destockage,0,49,0%,12.08
https://belmobile.be/products/stick-3g-hspa-wifi-modem-dongle-usb-win-mac-linux-android,0,49,0%,12.63
https://belmobile.be/nl/products/pc-portable-acer-aspire-e15,0,49,0%,20.08
https://belmobile.be/products/samsung-galaxy-s6-32gb-black-blue-grade-b,0,49,0%,49.57
https://belmobile.be/collections/occasions/reconditionne,0,49,0%,51.16
https://belmobile.be/pages/reparation-samsung-galaxy-tab-4-10-1,0,48,0%,13.56
https://belmobile.be/products/dabstep-dab-dab-radio-numerique-bluetooth-fm-rds-reveil-blanc,0,48,0%,38.62
https://belmobile.be/products/casque-ecouteurs-bluetooth-stn-10-super-bass-avec-micro-sans-fil-noir,0,46,0%,28.65
https://belmobile.be/products/enceintes-haut-parleur-cmik-mk-2009-bluetooth-lecteur-usb-sd-radio-fm-am-oem,0,45,0%,4.33
https://belmobile.be/nl/collections/telephones,0,45,0%,11.84
https://belmobile.be/products/hoverboard-scooter-smart-board-electrique-auto-equilibrage-6-5-pouces-bluetooth-bleu,0,45,0%,33.27
https://belmobile.be/nl/pages/galaxy-a31-reparatie,0,45,0%,34.69
https://belmobile.be/nl/products/powerbank-6000-mah-silvercrest-batterie-externe-portable,0,45,0%,44.73
https://belmobile.be/nl/collections/hoesjes-en-covers,0,45,0%,71.67
https://belmobile.be/nl/pages/galaxy-a50-reparatie,0,44,0%,47.02
https://belmobile.be/products/adaptateur-chargeur-de-remplacement-19-5v-3-9a-60w-4-5x3-0mm-pour-sony,0,43,0%,7.21
https://belmobile.be/nl/pages/iphone-15-plus-verkopen,0,43,0%,59.86
https://belmobile.be/pages/reparation-samsung-galaxy-tab-s3-9-7,0,42,0%,43.88
https://belmobile.be/nl/pages/p30-lite-reparatie,0,42,0%,52.48
https://belmobile.be/products/samsung-galaxy-tab-3-lite-7-8gb-wifi?variant=24120845664320&country=BE&currency=EUR&utm_medium=product_sync&utm_source=google&utm_content=sag_organic&utm_campaign=sag_organic,0,41,0%,5.88
https://belmobile.be/products/samsung-galaxy-tab-3-lite-7-8gb-wifi?variant=24121201852480&country=BE&currency=EUR&utm_medium=product_sync&utm_source=google&utm_content=sag_organic&utm_campaign=sag_organic,0,41,0%,6.27
https://belmobile.be/products/pc-portable-hp-probook-4520s,0,41,0%,13.59
https://belmobile.be/products/adaptateur-chargeur-de-remplacement-19-5v-3-33a-65w-4-5x3-0-pour-hp,0,41,0%,15.85
https://belmobile.be/nl/pages/samsung-galaxy-a20e-reparatie,0,41,0%,39.24
https://belmobile.be/nl/pages/p30-reparatie,0,41,0%,46.34
https://belmobile.be/nl/pages/galaxy-a42-reparatie,0,41,0%,48.73
https://belmobile.be/products/gsm-alcatel-1035x-noir,0,40,0%,10.32
https://belmobile.be/pages/envoyer-appareil-vendre-recycler,0,40,0%,34.05
https://belmobile.be/nl/products/chargeur-wireless-qi-compatible-sans-fil-recepteur-de-charge-blanc,0,40,0%,61.42
https://belmobile.be/collections/occasions,0,39,0%,5.26
https://belmobile.be/products/televiseur-samsung-4k-hdr-serie-nu7100-55-138cm-smart-wifi?variant=21660524314688&country=BE&currency=EUR&utm_medium=product_sync&utm_source=google&utm_content=sag_organic&utm_campaign=sag_organic,0,38,0%,3.68
https://belmobile.be/products/x-series-drone-hexacopter-rc-x600-4ch-2-4-g-6-axis-3d-rouler-une-touche-retour,0,38,0%,10.66
https://belmobile.be/collections/appareils-reconditionnes,0,38,0%,11.03
https://belmobile.be/products/telephone-fixe-telefunken-tb-201-peps-solo,0,38,0%,15.55
https://belmobile.be/pages/reparation-y9-prime-2019,0,37,0%,7.92
https://belmobile.be/nl/products/telecommande-remote-control-pour-mag-250-254-255-260-261-270-iptv-tv-set-top-box,0,37,0%,10.51
https://belmobile.be/nl/products/mag324-325-boitier-decodeur-iptv-set-top-box-internet-by-infomir,0,37,0%,13.35
https://belmobile.be/nl/products/cle-usb-8gb-kingston,0,37,0%,30.97
https://belmobile.be/nl/products/cable-usb-type-c-vers-lightning,0,37,0%,35.03
https://belmobile.be/nl/pages/iphone-13-pro-verkopen,0,37,0%,56.62
https://belmobile.be/nl/pages/express-reparatie-smartphone-tablet-en-computer-in-brussel,0,36,0%,17.06
https://belmobile.be/pages/reparation-galaxy-note-10-lite,0,36,0%,22.14
https://belmobile.be/products/huawei-y9-2018-32gb-dual-sim,0,35,0%,9.4
https://belmobile.be/products/powerbank-6000-mah-silvercrest-batterie-externe-portable,0,35,0%,13.43
https://belmobile.be/nl/pages/galaxy-note-20-ultra-verkopen,0,35,0%,16.49
https://belmobile.be/pages/reparation-macbook-pro-14-m2-pro-m2-max,0,34,0%,11.38
https://belmobile.be/products/adaptateur-chargeur-de-remplacement-19v-3-42a-65w-3-0x1-1mm-pour-acer,0,33,0%,7.88
https://belmobile.be/products/samsung-a52s-128go-occasion,0,33,0%,8.52
https://belmobile.be/products/double-ecouteurs-buds-stereo-sans-fil-bluetooth-uniq-surround,0,33,0%,10.94
https://belmobile.be/pages/reparation-mate-20-pro,0,33,0%,18.39
https://belmobile.be/products/pc-portable-dell-latitude-e5550,0,33,0%,19.27
https://belmobile.be/nl/pages/galaxy-note-10-plus-verkopen,0,33,0%,88.76
https://belmobile.be/products/nokia-5-16gb-cuivre?variant=22875851751488&country=BE&currency=EUR&utm_medium=product_sync&utm_source=google&utm_content=sag_organic&utm_campaign=sag_organic,0,32,0%,11.53
https://belmobile.be/nl/pages/iphone-14-pro-max-reparatie,0,32,0%,29.12
https://belmobile.be/nl/pages/redmi-note-12-pro-reparatie,0,32,0%,61.47
https://belmobile.be/pages/reparation-iphone-bruxelles-ville,0,31,0%,10.94
https://belmobile.be/nl/products/huawei-y9-2018-32gb-dual-sim,0,31,0%,17.87
https://belmobile.be/products/adaptateur-secteur-usb-compatible-samsung-charge-rapide-noir,0,31,0%,28.52
https://belmobile.be/nl/products/hoverboard-scooter-smart-board-electrique-auto-equilibrage-6-5-pouces-bluetooth-bleu,0,31,0%,56.52
https://belmobile.be/pages/reparation-samsung-galaxy-tab-e-9-6,0,30,0%,7.83
https://belmobile.be/nl/pages/reparation-samsung-galaxy-tab-s3-9-7,0,30,0%,8.63
https://belmobile.be/products/support-voiture-durata-magnetique-360-pour-smartphone,0,30,0%,17.17
https://belmobile.be/nl/products/gsm-alcatel-1054d-dual-sim-gris,0,29,0%,24.38
https://belmobile.be/products/reconditionne-asus-vivobook-s14-s430u-14-i3-8gb-512gb-or-azerty,0,29,0%,29.24
https://belmobile.be/nl/pages/reparation-ipad-pro-12-9-2020,0,29,0%,38.55
https://belmobile.be/pages/reparation-samsung-galaxy-tab-a-8-0-2019,0,28,0%,10.46
https://belmobile.be/pages/revendre-iphone-16-pro,0,28,0%,12.04
https://belmobile.be/pages/reparation-galaxy-a02s,0,28,0%,13.79
https://belmobile.be/products/mini-clavier-bluetooth-azerty-sans-fil-2-4g-pour-pc-mac-ios-1,0,28,0%,13.93
https://belmobile.be/products/lg-k10-2017-grade-a,0,28,0%,20.18
https://belmobile.be/nl/pages/reparation-smartwatch,0,28,0%,20.96
https://belmobile.be/nl/products/cable-lightning-usb-iphone-1m-blanc,0,28,0%,31.14
https://belmobile.be/nl/pages/galaxy-a72-reparatie,0,28,0%,55.07
https://belmobile.be/nl/products/medialink-ml8100-iptv-android-4k-full-uhd-60fps,0,27,0%,8.33
https://belmobile.be/nl/products/camera-daction-sport-etanche-4k-ultra-hd-wifi-ecran-lcd-2,0,27,0%,29.67
https://belmobile.be/pages/revendre-galaxy-a32,0,26,0%,4.42
https://belmobile.be/products/boitier-android-4k-ultrahd-formuler-z-plus-wifi-iptv-vod?variant=24471419060288&country=BE&currency=EUR&utm_medium=product_sync&utm_source=google&utm_content=sag_organic&utm_campaign=sag_organic,0,26,0%,5.81
https://belmobile.be/nl/products/microphone-wster-ws-858-sans-fil-bluetooth-karaoke-et-haut-parleur-hi-fi,0,26,0%,5.92
https://belmobile.be/pages/reparation-p40-lite,0,26,0%,9.73
https://belmobile.be/products/souris-optique-gaming-sans-fil-2-4g-k3380-800-dpi,0,26,0%,16.12
https://belmobile.be/nl/products/gsm-alcatel-1010x-noir,0,26,0%,26.27
https://belmobile.be/nl/pages/galaxy-s20-reparatie,0,26,0%,31.85
https://belmobile.be/nl/pages/reparation-samsung-galaxy-tab-s5-e,0,26,0%,64.92
https://belmobile.be/products/casque-audio-bluetooth-stereo-pliable-sans-fil-billboard-blanc,0,25,0%,12.48
https://belmobile.be/nl/products/console-playstation-classic-day-one-20-jeux-uk,0,25,0%,16.72
https://belmobile.be/products/lecteur-cd-player-portable-auna-retro-anlage-aux-in-radio-fm,0,25,0%,16.76
https://belmobile.be/nl/products/samsung-galaxy-note-8-64gb-black-grade-a,0,25,0%,34.92
https://belmobile.be/nl/products/oreillette-bluetooth-mains-libres-jabra-bt2045-dorigine-noir,0,24,0%,8
https://belmobile.be/products/samsung-galaxy-s22-128go-occasion,0,24,0%,9.25
https://belmobile.be/nl/products/smartphone-oneplus-3t-64gb-grade-a,0,24,0%,19.38
https://belmobile.be/products/coque-batterie-y2-9000-mah-ultra-slim-pour-iphone-6-plus-6s-plus,0,24,0%,20.58
https://belmobile.be/pages/revendre-galaxy-note-10,0,24,0%,21.29
https://belmobile.be/nl/products/pc-portable-acer-chromebook-spin-cp513-1h-series,0,24,0%,33.29
https://belmobile.be/nl/pages/galaxy-a80-reparatie,0,24,0%,47.08
https://belmobile.be/nl/products/radio-internet-2-1-connect-150-lecteur-multimedia-mediaplayer-spotify-c,0,23,0%,8.91
https://belmobile.be/pages/revendre-mate-10,0,23,0%,21.87
https://belmobile.be/products/oreillette-bluetooth-mains-libres-jabra-bt2045-dorigine-noir,0,22,0%,8.86
https://belmobile.be/nl/pages/reparation-samsung-galaxy-watch-5-pro,0,22,0%,34.55
https://belmobile.be/nl/pages/reparation-ipad-pro-11-2022,0,22,0%,73.77
https://belmobile.be/products/support-mural-a-bras-pour-tv-lcd-led-plasma-14-55-pivotant-180,0,21,0%,9.48
https://belmobile.be/nl/products/lecteur-mp3-cd-usb-auna-mc-120-stereo-chaine-hi-fi,0,21,0%,9.9
https://belmobile.be/nl/pages/iphone-15-reparatie,0,21,0%,19.76
https://belmobile.be/products/kit-clavier-multimedia-azerty-souris-sans-fil-gamer-usb-pc,0,21,0%,21.14
https://belmobile.be/nl/products/adaptateur-apple-lightning-vers-jack-3-5-mm,0,21,0%,35.29
https://belmobile.be/products/support-voiture-universel-rotatif-grille-de-ventilation-pour-smartphone,0,21,0%,48.67
https://belmobile.be/nl/products/refroidisseur-pc-portable-laptop-usb-cooler-9-17-silencieux,0,21,0%,52.76
https://belmobile.be/nl/collections/car-holders,0,21,0%,61.48
https://belmobile.be/pages/reparation-poco-x5-pro,0,20,0%,8.4
https://belmobile.be/nl/products/pc-portable-hp-elitebook-755-g5,0,20,0%,23
https://belmobile.be/products/adaptateur-secteur-usb-compatible-apple-ipod-iphone,0,20,0%,30.65
https://belmobile.be/nl/pages/samsung-galaxy-a03s-reparatie,0,20,0%,80.35
https://belmobile.be/nl/pages/redmi-note-12-reparatie,0,19,0%,9
https://belmobile.be/products/tp-link-nc200-camera-cloud-wifi-fonction-repeteur-300mbps,0,19,0%,11.37
https://belmobile.be/nl/pages/xiaomi-reparatie-brussel,0,19,0%,12.68
https://belmobile.be/nl/products/gsm-lg-g360-clapet-double-sim-red,0,19,0%,13.21
https://belmobile.be/products/cable-usb-de-donnees-pour-asus-eee-pad-tf101-tf201-tablette-pc,0,19,0%,25.89
https://belmobile.be/nl/products/modem-routeur-tp-link-wifi-adsl2-300mbps-2-4g-4-ports-wan,0,19,0%,78.32
https://belmobile.be/nl/products/sony-ericsson-mbs-400-haut-parleurs-stereo-sans-fil,0,18,0%,7.22
https://belmobile.be/products/gsm-nokia-216?variant=21494614818880&country=BE&currency=EUR&utm_medium=product_sync&utm_source=google&utm_content=sag_organic&utm_campaign=sag_organic,0,18,0%,8.28
https://belmobile.be/products/tp-link-tl-sf1005d-switch-ethernet-5-ports-10-100mbps,0,18,0%,8.78
https://belmobile.be/collections/casques-et-ecouteurs?page=2,0,18,0%,9.28
https://belmobile.be/blogs/blog-high-tech,0,18,0%,14.22
https://belmobile.be/pages/revendre-galaxy-s7,0,18,0%,17.67
https://belmobile.be/nl/products/enseigne-lumineuse-en-led-publicitaire-100-x-20cm-interieur-bleu,0,18,0%,39.56
https://belmobile.be/products/enceintes-bluetooth-sans-fil-music-apollo-portable-wireless,0,17,0%,8.53
https://belmobile.be/products/televiseur-philips-5300-series-led-hd-80-cm-32-ultra-plat-smart-tv,0,17,0%,9.47
https://belmobile.be/nl/products/lg-k10-2017-grade-a,0,17,0%,11.53
https://belmobile.be/pages/reparation-samsung-galaxy-tab-active3,0,17,0%,12.41
https://belmobile.be/products/lg-dp542h-lecteur-dvd-player-fullhd-1080p-usb-xvid-noir,0,17,0%,14.94
https://belmobile.be/nl/pages/iphone-xs-max-reparatie,0,17,0%,30.41
https://belmobile.be/nl/pages/samsung-galaxy-a11-reparatie,0,17,0%,38.94
https://belmobile.be/nl/pages/galaxy-a40-reparatie,0,17,0%,45.47
https://belmobile.be/products/adaptateur-chargeur-tf700t-18w-15v-1-2a-pour-asus,0,17,0%,52.47
https://belmobile.be/nl/pages/galaxy-a72-verkopen,0,17,0%,75.88
https://belmobile.be/products/apple-iphone-se-2016-32gb-noir?variant=40508703768655&country=BE&currency=EUR&utm_medium=product_sync&utm_source=google&utm_content=sag_organic&utm_campaign=sag_organic,0,16,0%,6.56
https://belmobile.be/pages/entreprises,0,16,0%,8.5
https://belmobile.be/pages/reparation-samsung-galaxy-s22-plus,0,16,0%,14.88
https://belmobile.be/pages/revendre-galaxy-s7-edge,0,16,0%,20.19
https://belmobile.be/collections/occasions/ordinateur,0,16,0%,33.12