Requêtes les plus fréquentes,Clics,Impressions,CTR,Position
belmobile,372,1004,37.05%,1.23
réparation écran iphone 11 prix,55,1863,2.95%,6.48
reparation telephone bruxelles,45,1110,4.05%,2.32
vendre iphone,32,435,7.36%,7.14
reparation hdmi ps5,24,67,35.82%,2.4
reparation iphone 11,22,120,18.33%,4.22
prix reparation ecran iphone 11,21,722,2.91%,6.37
rachat iphone,21,529,3.97%,6.88
prix reparation iphone 11,21,138,15.22%,2.59
iptv boitier,20,1679,1.19%,8.61
revendre son iphone,20,552,3.62%,7.3
reparation ps5 bruxelles,20,95,21.05%,2.15
reparation ecran iphone 11,18,327,5.5%,6.76
bel mobile,18,90,20%,2.26
revendre son iphone belgique,17,184,9.24%,2.79
réparation iphone 11 prix,17,175,9.71%,3.95
reprise iphone,16,187,8.56%,10.28
mini gsm,15,1332,1.13%,2.87
iphone 11 scherm vervangen prijs,15,459,3.27%,4.41
changer ecran iphone 11,15,278,5.4%,3.67
hp hq-tre 71025 fiche technique,14,219,6.39%,4.08
réparation ps5 belgique,14,106,13.21%,2.72
ecran iphone 11,13,666,1.95%,14.38
revendre iphone,13,366,3.55%,9.05
revendre son pc belgique,13,102,12.75%,4.41
reparation manette ps5,12,460,2.61%,5.7
réparation écran iphone x prix,12,389,3.08%,5.53
rachat telephone,12,98,12.24%,4.86
boitier iptv,11,1139,0.97%,10.91
decodeur iptv,11,599,1.84%,8.16
hp hq-tre 71025,11,438,2.51%,9.01
vendre son iphone,11,345,3.19%,5.75
reparation ps5,11,317,3.47%,5.13
prix réparation iphone 11,11,126,8.73%,4.37
belmobile anderlecht,11,63,17.46%,1.02
hp hq tre 71025,10,454,2.2%,11.52
revendre apple watch,10,250,4%,16.91
prix ecran iphone 11,10,223,4.48%,5.42
vendre son telephone,10,190,5.26%,6.34
rachat vieux gsm,10,154,6.49%,2.99
iphone 11 scherm vervangen,9,377,2.39%,21.93
vitre arrière iphone 11 réparation prix,9,306,2.94%,4.93
décodeur iptv wifi,9,304,2.96%,6.21
imaq iptv,9,178,5.06%,6.02
vendre telephone,9,147,6.12%,10.14
reparation ecran iphone 11 prix,9,101,8.91%,2.31
vendre apple watch,9,68,13.24%,7.07
reparation montre connectée,9,64,14.06%,16.02
belmobil,9,42,21.43%,2.1
rachat iphone 16,9,32,28.12%,6.94
iphone 13 verkopen,8,576,1.39%,8.05
iptv bruxelles,8,311,2.57%,6.96
réparation écran iphone 12 prix,8,245,3.27%,7.45
vendre mon iphone,8,185,4.32%,7.58
réparation vitre arrière iphone 13 prix,8,160,5%,8.5
réparation téléphone bruxelles,8,157,5.1%,2.22
réparation ps5 à proximité,8,123,6.5%,6.41
remplacement ecran iphone 11,8,117,6.84%,7.21
iphone 12 scherm reparatie prijs,8,114,7.02%,8.39
revendre son telephone,8,90,8.89%,7.54
smartwatch verkopen,8,75,10.67%,7.75
reprise iphone 16 pro max,8,69,11.59%,8.12
rachat gsm belgique,8,56,14.29%,2.89
reparation manette xbox,8,48,16.67%,5.71
prix ecran iphone 12,8,38,21.05%,4.66
revente ordinateur portable,8,27,29.63%,7.48
vendre iphone 16 pro,8,26,30.77%,6.08
reprise montre connectée,8,24,33.33%,9.67
a1466,7,384,1.82%,14.6
changement ecran iphone 11,7,291,2.41%,5.21
réparation écran iphone 11 prix pas cher,7,247,2.83%,14.49
reprise iphone belgique,7,138,5.07%,6.72
ecran s22 ultra,7,81,8.64%,4.36
reparation iphone 11 prix,7,63,11.11%,3.56
reprise iphone 16,7,59,11.86%,4.78
rachat iphone belgique,7,33,21.21%,3.85
reparation iphone,6,449,1.34%,11.65
iptv prix,6,401,1.5%,9.44
réparation playstation 5,6,318,1.89%,6.08
revente iphone,6,174,3.45%,9.61
prix remplacement ecran iphone 11,6,168,3.57%,7.84
reparation smartphone,6,138,4.35%,8.6
réparation écran samsung s23 ultra prix,6,97,6.19%,8.87
rachat smartphone belgique,6,88,6.82%,8.77
vendre iphone 11,6,61,9.84%,7.43
ou vendre son telephone,6,53,11.32%,7.57
vendre iphone 13,6,50,12%,4.62
revendre iphone belgique,6,37,16.22%,2.57
vendre iphone 16 pro max,6,29,20.69%,6.45
prix reparation iphone 14 pro,6,29,20.69%,7.97
prix reparation iphone 13,6,28,21.43%,12.07
gsm nokia,5,1770,0.28%,9.59
reparation telephone,5,1300,0.38%,9.69
reparation iphone bruxelles,5,423,1.18%,5.61
box iptv,5,405,1.23%,7.69
magasin de telephone bruxelles,5,294,1.7%,4.67
prix changement batterie iphone 13,5,275,1.82%,6.67
reparateur telephone bruxelles,5,269,1.86%,2.1
magasin telephone bruxelles,5,223,2.24%,7.72
réparation caméra arrière iphone 13 prix,5,169,2.96%,4.82
boitier iptv wifi,5,166,3.01%,7.44
iphone 14 pro verkopen,5,103,4.85%,7.05
prix changement d'écran iphone 11,5,94,5.32%,4.9
réparation vitre arrière iphone 12 prix,5,93,5.38%,11.82
décodeur tiger,5,72,6.94%,1.04
réparation pc portable bruxelles,5,68,7.35%,4.28
ecran iphone 11 reparation prix,5,66,7.58%,4.23
reprise smartphone belgique,5,66,7.58%,7.03
reprise iphone 16 pro,5,61,8.2%,6.74
vendre mon telephone,5,59,8.47%,6.37
réparation iphone bruxelles pas cher,5,48,10.42%,1.65
reprise iphone 13 pro max,5,48,10.42%,8.94
revendre iphone 15,5,41,12.2%,6.73
vendre iphone 16,5,39,12.82%,4.85
rachat ordinateur portable,5,36,13.89%,6.72
rachat ordinateur,5,34,14.71%,7.12
revendre pc portable,5,32,15.62%,5.22
réparation manette ps5 prix,5,27,18.52%,2.26
réparation xbox series x,5,26,19.23%,4.5
reparation port hdmi ps5,5,25,20%,3.68
vendre mon pc portable,5,16,31.25%,5.75
prix reparation iphone 15,5,12,41.67%,7.58
bel mobil,5,9,55.56%,1.11
réparation écran iphone 14 prix,4,491,0.81%,7.08
ecran iphone x,4,268,1.49%,5.47
réparation vitre arrière iphone 11 prix,4,195,2.05%,5.93
iphone reconditionné bruxelles,4,186,2.15%,6.77
tablette hybride 2 en 1 klipad,4,186,2.15%,9.56
réparation gsm bruxelles,4,149,2.68%,8.59
prix réparation écran iphone 11,4,132,3.03%,5.02
reprise macbook,4,130,3.08%,9.21
smartwatch pro,4,111,3.6%,7.84
mini gsm phone,4,105,3.81%,2.44
réparation caméra arrière iphone 11 prix,4,102,3.92%,4.27
combien pour reparer un ecran iphone 11,4,99,4.04%,3.97
reparer ecran iphone 11,4,76,5.26%,14.79
iptv boîtier prix,4,75,5.33%,8.53
revendre iphone 14,4,73,5.48%,16.23
revendre son pc,4,71,5.63%,14.63
revendre son téléphone belgique,4,64,6.25%,4.75
vendre macbook,4,59,6.78%,9.8
vendre son pc,4,59,6.78%,9.8
rachat de telephone,4,52,7.69%,8.06
prix reparation iphone 14,4,49,8.16%,8.63
reprise pc portable,4,48,8.33%,8.56
revendre ordinateur portable,4,47,8.51%,15.72
ou vendre son iphone,4,46,8.7%,3.8
prix remplacement ecran iphone 13,4,43,9.3%,9.84
prix reparation camera iphone 11,4,41,9.76%,2.32
réparation écran iphone 11 pro prix,4,38,10.53%,8.39
reparation nintendo 3ds,4,38,10.53%,21.58
revente iphone 13,4,26,15.38%,3.69
revente apple watch,4,26,15.38%,5.81
decodeur tiger,4,24,16.67%,1
remplacement ecran iphone 15,4,24,16.67%,5.12
reparer hdmi ps5,4,18,22.22%,4.11
changer batterie iphone 14 pro prix,4,18,22.22%,4.72
meilleur site pour revendre son téléphone,4,18,22.22%,5.5
grossiste telephone,4,18,22.22%,6.33
vendre son iphone 13,4,17,23.53%,3.29
revendre ps5,4,17,23.53%,3.41
revendre iphone 15 pro max,4,17,23.53%,13.53
vendre playstation 5,4,15,26.67%,7.47
macbook air a1466,3,1334,0.22%,20.73
telecommande iptv,3,876,0.34%,9.76
réparation smartphone,3,431,0.7%,11.68
reparation ecran iphone,3,421,0.71%,10.33
iphone 11 scherm reparatie,3,410,0.73%,33.83
ecran iphone 13,3,399,0.75%,18.61
prix changement ecran iphone 11,3,237,1.27%,8.65
iptv boitier prix,3,220,1.36%,9.73
smartphone pas cher belgique,3,214,1.4%,11.41
prix reparation iphone,3,210,1.43%,11.74
iphone 12 batterij vervangen prijs,3,163,1.84%,7.67
revendre iphone 11,3,151,1.99%,18.38
iptv box,3,149,2.01%,12.46
réparation téléphone bruxelles pas cher,3,139,2.16%,1.86
batterie iphone 12 prix,3,138,2.17%,6.25
magasin informatique bruxelles,3,136,2.21%,14.8
reparateur ps5,3,135,2.22%,5.04
changer batterie iphone 12 prix,3,123,2.44%,8.2
réparation ordinateur bruxelles,3,122,2.46%,17.39
prix reparation camera iphone 13,3,120,2.5%,5.06
hp hq tre 71025 boeblingen germany,3,120,2.5%,20.38
réparation écran iphone 13 prix,3,115,2.61%,9.38
magasin iptv bruxelles,3,113,2.65%,4.64
réparation smartphone bruxelles,3,109,2.75%,6.89
réparation écran iphone 11,3,109,2.75%,15.1
nieuw scherm iphone 11,3,105,2.86%,6.54
ecran iphone 14 pro,3,105,2.86%,7.67
reparation telephone anderlecht,3,103,2.91%,1.94
prix reparation ecran iphone x,3,98,3.06%,5.31
reparation telephone schaerbeek,3,93,3.23%,4.14
réparation écran iphone xs prix,3,92,3.26%,6.87
combien coute la reparation de l'écran iphone 11,3,91,3.3%,3.56
leason drone,3,78,3.85%,1.45
rachat gsm,3,76,3.95%,8.05
grossiste piece telephone,3,75,4%,27.13
réparation écran tablette samsung prix,3,73,4.11%,7.68
reparation camera iphone 13,3,68,4.41%,2.72
reparation apple watch,3,68,4.41%,10.07
combien coute une reparation d'ecran iphone 11,3,62,4.84%,3.24
réparation écran samsung pas cher,3,62,4.84%,9.35
s22 ultra scherm reparatie,3,61,4.92%,58.87
ecran iphone 11 pro,3,58,5.17%,3.88
reprise iphone 14,3,57,5.26%,5.42
reprise apple watch,3,56,5.36%,7.12
reprise telephone belgique,3,56,5.36%,9.93
changer batterie iphone 12 mini,3,56,5.36%,21.5
réparation ps4 bruxelles,3,55,5.45%,11.36
ps3 reparatie belgie,3,52,5.77%,6.98
reparation ecran iphone x prix,3,51,5.88%,3.8
remplacement batterie iphone 11,3,51,5.88%,8.12
revendre macbook,3,48,6.25%,7.71
revendre iphone 13,3,48,6.25%,9.15
reparation ecran iphone 12 prix,3,48,6.25%,10.85
playstation 3 reparatie,3,48,6.25%,27.52
ecran iphone 13 pro max,3,45,6.67%,6.24
réparation écran samsung z flip 5 prix,3,45,6.67%,7.29
prix changement ecran iphone 13,3,42,7.14%,12.95
vendre iphone 15,3,41,7.32%,5.85
changer ecran iphone 11 prix,3,40,7.5%,8.62
réparation vitre arrière iphone 14 pro max prix,3,39,7.69%,7.51
reparer iphone 11,3,39,7.69%,19.23
batterie iphone 11 prix,3,38,7.89%,5.26
remplacement écran iphone 11,3,38,7.89%,6.29
reparation ecran iphone 13,3,38,7.89%,6.87
changer ecran iphone x prix,3,37,8.11%,4.41
rachat montre connectée,3,37,8.11%,26.54
réparation manette xbox,3,36,8.33%,6.03
prix ecran iphone 13,3,36,8.33%,6.53
prix ecran iphone 14 pro,3,34,8.82%,7.35
réparation vitre arrière iphone 12 pro prix,3,33,9.09%,9.15
prix reparation iphone 12,3,33,9.09%,9.7
reprise iphone 15 pro max,3,30,10%,7
vendre samsung,3,30,10%,9.07
iptv satellite,3,29,10.34%,7.14
revendre iphone 16 pro max,3,27,11.11%,5.59
vendre son ordinateur portable,3,23,13.04%,6.26
reparation telephone prix,3,22,13.64%,4.32
revente iphone 15,3,22,13.64%,6.91
iphone 13 scherm vervangen prijs,3,20,15%,9.9
belmobile schaerbeek,3,18,16.67%,1.28
vendre son pc portable,3,18,16.67%,8.5
changer batterie s22 prix,3,18,16.67%,9
bell mobile,3,16,18.75%,2.81
remplacement ecran iphone se 2022,3,16,18.75%,6.75
"belmobile | achat/vente et réparation iphone, ipad, macbook, smartphone, 
tablette, ordinateur, pc portable, console de jeux avis",3,15,20%,1.73
changement batterie iphone 12 pro,3,15,20%,9.07
remplacement ecran s22 ultra,3,13,23.08%,2.85
ecran s22 ultra prix,3,13,23.08%,5.23
magasin qui rachete telephone,3,12,25%,6.25
vendre mon iphone 16,3,12,25%,6.42
remplacement vitre iphone 13,3,12,25%,8.75
réparation nintendo 3ds xl,3,11,27.27%,1.27
rachat iphone 16 pro,3,11,27.27%,2.64
vendre tablette,3,11,27.27%,8.18
gsm verkopen belgië,3,9,33.33%,20.11
reparation 3ds,3,8,37.5%,3.25
iphone 15 pro max revente,3,8,37.5%,4.75
vendre iphone 13 pro,3,8,37.5%,7.88
iphone 15 pro revente,3,7,42.86%,4.14
cout reparation iphone 11,3,6,50%,2.83
prix reparation iphone 15 pro max,3,6,50%,6.67
prix réparation iphone 15,3,5,60%,6.6
reparation iphone connecteur de charge,3,4,75%,2.5
reparation ecran samsung z flip 5,3,4,75%,6.5
prix nettoyage ps5,3,4,75%,9
iphone occasion,2,723,0.28%,13.81
gsm kopen,2,391,0.51%,48.92
apple watch verkopen,2,378,0.53%,26.01
samsung s6 edge,2,372,0.54%,12.59
gsm verkopen,2,318,0.63%,35.99
réparation pc bruxelles,2,316,0.63%,11.15
ecran iphone xr,2,307,0.65%,7.71
ipad verkopen,2,283,0.71%,33.73
réparation iphone 11,2,248,0.81%,7.47
ecran iphone 14 pro max,2,242,0.83%,15.49
mini telefoon,2,228,0.88%,2.54
macbook a1466,2,195,1.03%,22.64
nintendo 3ds reparatie,2,184,1.09%,38.87
magasin reparation telephone,2,169,1.18%,7.52
réparation telephone,2,159,1.26%,10.5
tiger star,2,136,1.47%,2.73
hp hq-tre 71025 boeblingen germany,2,136,1.47%,8.23
prix changement batterie iphone 12,2,136,1.47%,10.88
gsm 3310,2,133,1.5%,1.66
réparation écran iphone se 2020 prix,2,121,1.65%,8.84
combien coute la reparation de l'arriere d'un iphone 13,2,115,1.74%,9.81
reparation iphone belgique,2,115,1.74%,10.16
iptv prix boitier,2,113,1.77%,6.35
réparation écran iphone 13 pro max prix,2,104,1.92%,10.63
reparer ecran iphone 11 prix,2,103,1.94%,6.61
vendre ordinateur portable,2,103,1.94%,8.44
revendre iphone 13 pro,2,103,1.94%,17.77
écran iphone 11 prix,2,101,1.98%,11.88
réparation écran z flip 4 prix,2,92,2.17%,11.53
hp hq-tre 71025 prix,2,91,2.2%,8.95
smartphone kopen brussel,2,88,2.27%,7.25
réparation écran s23 ultra prix,2,88,2.27%,11.74
klipad 2 en 1,2,87,2.3%,8.51
cctv camera,2,84,2.38%,10.17
iphone 12 batterij vervangen,2,80,2.5%,13.71
prix remplacement ecran iphone 12,2,79,2.53%,9.73
samsung s23 ultra verkopen,2,79,2.53%,16.95
changer batterie iphone x,2,78,2.56%,31.42
prix reparation ecran iphone 14,2,76,2.63%,9.71
reparation playstation,2,73,2.74%,8.25
reparation gsm bruxelles,2,72,2.78%,8.99
reprise telephone,2,69,2.9%,10.19
reparation nintendo switch,2,69,2.9%,11.83
prix de reparation ecran iphone 11,2,64,3.12%,3.42
ou revendre son iphone,2,64,3.12%,10.95
iphone 11 achterkant vervangen,2,64,3.12%,14.16
changement batterie iphone 11 prix,2,64,3.12%,15.67
réparer appareil photo iphone prix,2,61,3.28%,7.56
changer ecran iphone x,2,60,3.33%,15.55
batterij iphone 11 vervangen prijs,2,59,3.39%,13.15
combien coute reparation ecran iphone 11,2,58,3.45%,7.74
ecran samsung s22 ultra,2,56,3.57%,3.77
iptv decodeur,2,56,3.57%,8.04
ecran iphone 12 reparation prix,2,55,3.64%,8.49
iphone verkopen belgie,2,52,3.85%,15.62
combien coute la reparation de l'arriere d'un iphone 11,2,51,3.92%,5.96
réparation manette ps5 autour de moi,2,49,4.08%,6.69
prix remplacement écran iphone 11,2,49,4.08%,6.76
remplacement batterie iphone 14 pro,2,49,4.08%,7.76
changer batterie iphone 11 prix,2,49,4.08%,20.12
rachat macbook,2,47,4.26%,9
hp tre 71025,2,47,4.26%,11
réparation écran iphone prix,2,45,4.44%,18.8
vendre smartphone,2,44,4.55%,6.86
"iptv, boîtier",2,44,4.55%,7.23
reprise iphone 11,2,42,4.76%,7.38
oplaadpoort iphone vervangen,2,42,4.76%,7.67
telephone bruxelles,2,41,4.88%,8.68
revendre smartphone,2,41,4.88%,9.17
revendre ipad,2,41,4.88%,9.78
vendre iphone 15 pro max,2,40,5%,10.55
reprise ordinateur portable,2,39,5.13%,8.38
zte blade l210 prix,2,39,5.13%,8.72
reparation playstation 5,2,37,5.41%,9.54
vendre pc portable,2,36,5.56%,8.17
revente pc portable,2,36,5.56%,12.56
reparation ecran samsung s23 ultra,2,35,5.71%,12.09
vendre son smartphone,2,33,6.06%,4.85
samsung e1200,2,33,6.06%,7.67
boitier android iptv,2,33,6.06%,7.79
revendre son ordinateur portable,2,33,6.06%,7.91
comment reparer face id iphone 11,2,32,6.25%,6.19
fournisseur piece iphone,2,32,6.25%,26.88
prix ecran iphone 11 reparation,2,31,6.45%,2.65
rachat ordinateur portable cassé,2,31,6.45%,8.19
revendre telephone,2,31,6.45%,8.23
rachat pc,2,30,6.67%,9.83
changer ecran iphone se,2,30,6.67%,15.33
fournisseur accessoire telephone,2,30,6.67%,44.1
magasin informatique,2,30,6.67%,52.23
smartphone reconditionné bruxelles,2,29,6.9%,4.24
revente iphone 12,2,29,6.9%,4.83
revendre samsung,2,29,6.9%,5.9
remplacement batterie iphone 13 pro,2,29,6.9%,8.76
revendre montre connectée,2,29,6.9%,19.38
changement ecran iphone x,2,28,7.14%,4.5
reprise ps5,2,28,7.14%,4.57
changement batterie iphone 13 mini,2,28,7.14%,10.04
rachat iphone 15,2,28,7.14%,10.39
vendre iphone 12,2,27,7.41%,4.67
décodeur iptv prix,2,27,7.41%,4.85
réparation écran samsung s23 ultra,2,27,7.41%,18.78
recyclage iphone,2,26,7.69%,12.73
reparation ecran iphone 14,2,25,8%,6.24
revente iphone 16 pro max,2,25,8%,7.08
revente iphone 11,2,25,8%,7.72
prix batterie iphone 12 mini,2,25,8%,14.16
manette ps5 reparation,2,24,8.33%,6.67
grossiste gsm,2,24,8.33%,39.08
prix ecran iphone 11 pro,2,23,8.7%,2.48
écran iphone 15 prix,2,23,8.7%,12.57
réparation écran s23 ultra,2,23,8.7%,18.26
iptv acheter boitier,2,22,9.09%,8.05
réparation ps5 hdmi,2,21,9.52%,2.76
revendre iphone 12,2,21,9.52%,7.05
reparer ps5,2,20,10%,3.8
rachat de telephone cassé,2,20,10%,5.2
prix changement batterie iphone se 2020,2,20,10%,7.9
réparation manette ps4,2,20,10%,11
changer l'écran iphone 11,2,19,10.53%,4.79
revente iphone 15 pro max,2,19,10.53%,5.26
remplacement vitre iphone 11,2,19,10.53%,9.16
réparation écran tablette samsung galaxy tab a prix,2,19,10.53%,11.21
écran iphone 14 pro prix,2,19,10.53%,11.32
remplacement batterie s22,2,18,11.11%,6.56
prix reparation arriere iphone 11,2,18,11.11%,7.83
vente gsm,2,18,11.11%,11.17
reparer playstation 5,2,17,11.76%,4.94
réparation écran z flip 5,2,17,11.76%,6.06
vendre sa ps5,2,16,12.5%,4
revente iphone 16,2,16,12.5%,4.81
ecran iphone 13 mini,2,16,12.5%,6.25
rachat iphone 16 pro max,2,16,12.5%,11.44
reparation camera arriere iphone 13,2,15,13.33%,3.07
ecran galaxy s22 ultra,2,15,13.33%,3.8
revendre tablette,2,15,13.33%,7.33
rachat electronique,2,15,13.33%,8.13
revente iphone 15 pro,2,15,13.33%,8.47
rachat apple watch,2,14,14.29%,4.71
réparation 3ds,2,14,14.29%,5.14
reprise mobile cash,2,14,14.29%,7
remplacement batterie iphone 13 prix,2,13,15.38%,4
reparation manette ps5 bruxelles,2,12,16.67%,2.33
combien coute la reparation d un iphone 11,2,12,16.67%,2.58
reparation ps5 port hdmi,2,12,16.67%,2.58
prix decodeur iptv,2,12,16.67%,5.5
prix réparation charnière z flip 4,2,12,16.67%,15.08
prix camera iphone 11,2,11,18.18%,1.64
réparation écran samsung a50 prix,2,11,18.18%,4.27
revendre son pc portable,2,11,18.18%,6
prix revente iphone 15 pro,2,11,18.18%,6.09
changer ecran iphone se 2022,2,11,18.18%,7.91
réparation écran montre connectée prix,2,11,18.18%,9.73
revendre ordinateur,2,11,18.18%,10.64
réparation port hdmi ps5,2,10,20%,3.2
reprise d'iphone,2,10,20%,7.9
réparation écran montre connectée samsung prix,2,10,20%,8.3
pièces détachées smartphone,2,10,20%,10.5
vendre montre connectée,2,10,20%,26.7
devis reparation telephone,2,9,22.22%,2.44
revente smartphone,2,9,22.22%,6.33
ecran samsung z flip 3,2,9,22.22%,7
revendre mon pc,2,9,22.22%,7
remplacement vitre arrière iphone 11,2,9,22.22%,7.44
changement ecran iphone 11 pro,2,8,25%,2
prix changement batterie samsung a52,2,8,25%,2.88
prix ecran s22 ultra,2,8,25%,2.88
reprise iphone 16e,2,8,25%,3.12
reprise playstation 5,2,8,25%,4.62
reparation iphone 13 vitre arriere,2,8,25%,6.38
revendre iphone xs,2,8,25%,7
ou revendre son iphone au meilleur prix,2,8,25%,7.25
changer batterie z flip 3 prix,2,7,28.57%,1.43
estimation iphone 15 pro max,2,7,28.57%,3.57
prix ecran samsung s22 ultra,2,7,28.57%,4.57
piece détachée iphone,2,7,28.57%,6.43
changer ecran 3ds xl,2,7,28.57%,7.86
rachat playstation 5,2,7,28.57%,7.86
je veux vendre mon téléphone,2,6,33.33%,3
revente iphone 16 pro,2,6,33.33%,3.67
revendre back market belgique,2,6,33.33%,4.5
prix reparation iphone 15 pro,2,6,33.33%,5.67
prix remplacement ecran s23 ultra,2,6,33.33%,5.83
3ds repair,2,6,33.33%,6.33
reprise iphone 16 pro max 256,2,6,33.33%,7
grossiste pièce téléphone,2,6,33.33%,7.17
reparation iphone 12 pro max,2,6,33.33%,7.33
remplacement batterie iphone se 2022,2,6,33.33%,9.67
remplacement écran iphone x,2,5,40%,12.6
reprise iphone 11 64go,2,4,50%,2.75
prix changer ecran iphone 12,2,4,50%,4
fournisseur ecran iphone,2,4,50%,4.75
hp240 g9,2,4,50%,5
micro soudure carte mere iphone,2,4,50%,5
reparation arriere iphone 12 pro max,2,4,50%,5.5
3ds repair near me,2,4,50%,6
fournisseur smartphone,2,4,50%,7.5
réparation écran switch oled prix,2,4,50%,12
refurbished belgie,2,4,50%,49.75
reparation micro iphone 11,2,3,66.67%,5.33
iphone 5 display,2,2,100%,1
prix changement ecran s22 ultra,2,2,100%,1
revente de telephone portable,2,2,100%,2
remplacement ecran iphone xr prix,2,2,100%,3
revendre playstation 5,2,2,100%,3
reparation samsung s20,2,2,100%,5.5
remplacement écran iphone 15,2,2,100%,6.5
ipad 4,1,2337,0.04%,14.19
gsm,1,2137,0.05%,23.64
klipad,1,887,0.11%,10.27
samsung galaxy tab a6,1,818,0.12%,23.36
nokia gsm,1,740,0.14%,14.07
réparation iphone bruxelles,1,672,0.15%,6.96
samsung s8 plus,1,653,0.15%,17.02
asus zenbook ux305,1,640,0.16%,56.73
samsung galaxy s6,1,497,0.2%,22.16
zte blade l210,1,479,0.21%,6.66
nokia 3310 nouveau,1,455,0.22%,7
kleine gsm,1,425,0.24%,6.77
télécommande iptv,1,395,0.25%,8.53
ecran iphone 12,1,395,0.25%,26.05
remplacement batterie iphone,1,393,0.25%,10.39
ecran iphone 12 pro max,1,355,0.28%,16.17
verkoop iphone 13,1,332,0.3%,12.31
acer aspire e15,1,321,0.31%,8.66
macbook verkopen,1,314,0.32%,28.72
magasin de telephone,1,296,0.34%,12.13
chargeur universel,1,276,0.36%,4.76
iphone 11 scherm,1,250,0.4%,12.6
reparation gsm,1,249,0.4%,10.06
tarif reparation iphone,1,243,0.41%,10.27
mini telephone,1,224,0.45%,7.15
batterie iphone 12,1,216,0.46%,19.24
scherm iphone 11 vervangen,1,210,0.48%,12.9
iphone se 2016,1,210,0.48%,32.94
tempo giga,1,199,0.5%,6.4
réparation pc portable pas cher,1,197,0.51%,11.64
reparation ecran iphone x,1,193,0.52%,21.17
réparation ps5,1,189,0.53%,5.63
tweedehands iphone,1,181,0.55%,53.73
iphone 12 scherm vervangen,1,164,0.61%,13.77
réparation gsm,1,163,0.61%,12.88
iptv prix boîtier,1,158,0.63%,6.7
écran cassé samsung prix,1,157,0.64%,8.2
réparation ps4,1,151,0.66%,9.98
décodeur iptv,1,150,0.67%,7.15
réparation vitre iphone prix,1,150,0.67%,26.48
tablette hybride 2 en 1,1,150,0.67%,36.77
iphone reconditionné belgique,1,144,0.69%,24.19
petit gsm,1,142,0.7%,10.56
réparation téléphone,1,131,0.76%,11.3
reparation de telephone,1,130,0.77%,10.12
réparation manette ps5,1,124,0.81%,6.48
imaq,1,124,0.81%,6.79
batterij iphone 12 vervangen prijs,1,123,0.81%,6.81
magasin iptv,1,121,0.83%,5.99
reparation ps4,1,121,0.83%,16.76
gsm mini,1,119,0.84%,5.3
revendre iphone xr,1,119,0.84%,21.59
prix remplacement batterie iphone 12,1,117,0.85%,9.07
oplaadpoort iphone vervangen kosten,1,115,0.87%,10.22
changer batterie iphone,1,114,0.88%,11.95
changement batterie iphone,1,112,0.89%,11.71
huawei bruxelles,1,105,0.95%,5.96
commande iptv,1,105,0.95%,13.33
réparation écran gsm prix,1,104,0.96%,14.13
revendre iphone 12 mini,1,102,0.98%,19.01
remplacement ecran iphone,1,101,0.99%,8.65
xiaomi bruxelles,1,100,1%,8.17
xiaomi m365,1,100,1%,44.59
prix reparation ecran iphone,1,99,1.01%,25.12
réparation écran samsung s22 ultra prix,1,94,1.06%,9.34
a1466 macbook air,1,94,1.06%,15.76
vendre ordinateur,1,93,1.08%,6.32
reparation tablette samsung,1,93,1.08%,12.78
reparation telephone molenbeek,1,92,1.09%,3.07
prix remplacement batterie iphone 13,1,89,1.12%,10.52
reparation batterie iphone,1,87,1.15%,10
revendre mon iphone,1,86,1.16%,7.38
reparation pc bruxelles,1,85,1.18%,10.26
prix reparation ecran iphone 13,1,82,1.22%,10.23
reparation ecran telephone,1,82,1.22%,12.94
smartphone winkel,1,81,1.23%,54.28
prix changement batterie iphone,1,80,1.25%,9.03
reprise iphone 13,1,78,1.28%,4.04
apple a1466,1,78,1.28%,6.36
prix changement batterie galaxy watch,1,78,1.28%,10.33
changer écran samsung a14 prix,1,77,1.3%,6.36
magasin téléphone bruxelles,1,76,1.32%,9.86
bel phone sa,1,73,1.37%,1.71
magasin gsm,1,73,1.37%,11.03
reparateur playstation 5,1,69,1.45%,6.42
prix remplacement batterie iphone,1,68,1.47%,5.82
changer batterie iphone 11,1,68,1.47%,8.19
changement batterie iphone 12 prix,1,68,1.47%,11.16
reparation switch,1,67,1.49%,14.28
ups jette,1,66,1.52%,8.08
réparation samsung bruxelles,1,64,1.56%,2.84
réparation iphone x,1,64,1.56%,36.97
prix réparation écran iphone 13,1,63,1.59%,11.32
scherm vervangen iphone 11,1,63,1.59%,23.73
reprise iphone 15 pro,1,62,1.61%,9.15
décodeur iptv avec code,1,62,1.61%,9.92
reparateur ps4,1,61,1.64%,14.39
télécommande universelle iptv,1,58,1.72%,9.17
remplacement ecran samsung,1,57,1.75%,12.93
revendre iphone 13 pro max,1,57,1.75%,14.72
remplacement batterie iphone 13,1,56,1.79%,8.82
telephone reconditionné belgique,1,56,1.79%,20.61
estimation reprise apple,1,55,1.82%,9.04
reprise iphone 14 pro max,1,54,1.85%,11.63
mini clavier bluetooth,1,53,1.89%,6.43
remplacement écran iphone 11 prix,1,53,1.89%,8.81
revente telephone,1,53,1.89%,11.09
iphone seconde main,1,53,1.89%,13.23
reprise iphone 14 pro,1,53,1.89%,14.47
prix reparation vitre arriere iphone 11,1,52,1.92%,5.62
changer batterie iphone prix,1,52,1.92%,7.75
réparation vitre arrière iphone 13 pro prix,1,52,1.92%,8.42
prix batterie iphone 12,1,51,1.96%,6.06
écran iphone 13 prix,1,50,2%,11.7
ecran s23 ultra,1,49,2.04%,9.31
tiger recepteur,1,48,2.08%,2.04
rachat smartphone,1,48,2.08%,10.44
magasin gsm reconditionné,1,48,2.08%,13.02
"changer batterie iphone, prix",1,47,2.13%,5.89
ps5 reparatie in de buurt,1,47,2.13%,9.11
changer ecran iphone 15,1,45,2.22%,6.51
reparation ecran iphone 15,1,45,2.22%,7.76
iphone reparation,1,45,2.22%,9.31
combien coute un changement d'écran iphone 11,1,44,2.27%,4.09
rachat matériel informatique belgique,1,44,2.27%,6.41
magasin xiaomi bruxelles,1,44,2.27%,8.68
revendre pc,1,44,2.27%,18.09
reprise iphone 11 pro max,1,44,2.27%,23.3
hp hq-tre 71025 specificaties,1,43,2.33%,8.67
batterie iphone 11 pro,1,43,2.33%,11.16
remplacement ecran iphone x,1,43,2.33%,15.35
купить телефон в бельгии,1,42,2.38%,5.21
gsm winkel,1,42,2.38%,9.19
réparation écran iphone 14 pro prix,1,42,2.38%,9.26
réparation playstation 4,1,42,2.38%,13.12
cout ecran iphone 11,1,41,2.44%,5.22
remplacement lentille iphone 11 prix,1,41,2.44%,6.51
prix changement ecran iphone 12,1,41,2.44%,10.95
remplacer batterie iphone 12 mini,1,41,2.44%,25.17
prix reparer ecran iphone 11,1,40,2.5%,5.45
ecran iphone 15,1,40,2.5%,8.85
changer écran samsung a54 5g,1,40,2.5%,10.55
box iptv prix,1,39,2.56%,6.31
reparation vitre arriere iphone 13,1,39,2.56%,8.85
changement batterie iphone 12,1,39,2.56%,9.87
réparation de gsm,1,39,2.56%,19.92
combien coute de changer l'arrière d'un iphone 13,1,38,2.63%,10.74
reparation ecran iphone prix,1,38,2.63%,16.11
reparation iphone 11 ecran,1,37,2.7%,4.95
hp 240 g9,1,37,2.7%,6.73
prix changer batterie iphone,1,37,2.7%,8.89
vitre arriere iphone 14 pro max,1,37,2.7%,9.84
box android iptv,1,37,2.7%,10.11
réparation montre connectée,1,37,2.7%,22.46
ecran samsung s23 ultra,1,36,2.78%,8.69
prix remplacement vitre iphone 11,1,35,2.86%,4.89
prix remplacement ecran iphone 14,1,35,2.86%,8.17
combien coute un ecran iphone 11,1,35,2.86%,9.17
réparation écran iphone 14 pro max prix,1,35,2.86%,13.14
samsung a14 scherm vervangen,1,35,2.86%,14.71
gsm reconditionné belgique,1,35,2.86%,31.06
tarif ecran iphone 11,1,34,2.94%,6.65
iphone 15 pro max verkopen,1,34,2.94%,13.24
reparateur montre connectée,1,34,2.94%,21.35
prix écran iphone x,1,34,2.94%,24.5
reparation ecran iphone bruxelles,1,33,3.03%,4
ps5 controller reparatie belgië,1,33,3.03%,9.52
carte prépayée orange belgique,1,33,3.03%,23.12
rachat pc portable,1,32,3.12%,8.09
chargeur samsung original prix,1,32,3.12%,9.84
changement batterie iphone 14 pro,1,32,3.12%,12.56
magasin de gsm,1,32,3.12%,15.28
réparation écran samsung s20 prix,1,32,3.12%,20.44
changer batterie iphone x prix,1,32,3.12%,20.72
prix afficheur iphone 11,1,31,3.23%,3.52
reparateur manette ps5,1,31,3.23%,5.65
revendre macbook air,1,31,3.23%,7.61
prix changement batterie iphone 13 mini,1,30,3.33%,6.93
appareil pour iptv,1,30,3.33%,7.73
revendre iphone 16,1,30,3.33%,8.63
informaticien bruxelles,1,30,3.33%,61.27
reparation iphone 13,1,29,3.45%,6.9
reparation ecran iphone 11 pro,1,29,3.45%,7.24
samsung a14 scherm,1,29,3.45%,9.03
macbook air a1466 fiche technique,1,29,3.45%,10.9
iphone 11 reparation,1,29,3.45%,15.28
réparer iphone 11,1,29,3.45%,21.31
prix réparation connecteur de charge iphone 11,1,29,3.45%,27.52
groothandel smartphones,1,29,3.45%,30.55
iptv magasin,1,28,3.57%,4.32
vendre ps5,1,28,3.57%,6.43
ou vendre mon telephone,1,28,3.57%,7.11
prix reparation ecran iphone 12 mini,1,28,3.57%,7.61
iphone brussel,1,28,3.57%,9.46
valeur iphone,1,28,3.57%,11.25
iphone 15 verkopen,1,28,3.57%,14.93
smartphone occasion,1,28,3.57%,20.61
iphone 11 glas vervangen,1,28,3.57%,34.04
estimation reprise samsung,1,27,3.7%,5.04
prix changement batterie iphone 15 pro,1,27,3.7%,5.33
reparation ordinateur portable bruxelles,1,27,3.7%,5.52
vitre arriere iphone 11,1,27,3.7%,6.15
prix reparation vitre arriere iphone 13,1,27,3.7%,6.67
scherm iphone 12,1,27,3.7%,8.7
réparation ecran iphone 11,1,27,3.7%,25.67
test s23 ultra,1,27,3.7%,44.81
revente macbook,1,26,3.85%,6.96
zetes lecteur de carte,1,26,3.85%,7.42
réparation écran samsung a12 prix,1,26,3.85%,8.04
reprise samsung,1,26,3.85%,9.92
remplacement batterie ipad prix,1,26,3.85%,12.88
reparation nintendo,1,26,3.85%,16.69
hp spectre x360 reconditionné,1,26,3.85%,20.85
reparatie gsm,1,25,4%,2.88
ps5 reparation,1,25,4%,6.64
revendre son smartphone,1,25,4%,6.64
iptv box prix,1,25,4%,7.6
batterij iphone 11 vervangen,1,25,4%,9.72
réparation ps5 charleroi,1,25,4%,11.52
boîtiers iptv,1,25,4%,23.12
revente montre connectée,1,25,4%,25.48
laptop verkopen,1,25,4%,27.36
récepteur tiger,1,24,4.17%,1.04
revendre un iphone,1,24,4.17%,5.33
ou vendre son iphone au meilleur prix,1,24,4.17%,5.88
s22 ultra ecran,1,24,4.17%,6.33
acheter iptv box,1,24,4.17%,6.79
reparation ecran apple watch,1,24,4.17%,8.92
réparation écran apple watch prix,1,24,4.17%,10.17
rachat téléphone,1,24,4.17%,10.29
fournisseur piece telephone,1,24,4.17%,10.54
prix changement vitre iphone 11,1,24,4.17%,10.62
changer ecran iphone 11 pro,1,24,4.17%,16.29
réparation hdmi ps5,1,23,4.35%,2.57
ecran samsung s22,1,23,4.35%,4.83
telephone mini,1,23,4.35%,6.09
nettoyage ps5 prix,1,23,4.35%,7.17
réparation nintendo switch,1,23,4.35%,8.83
boitier pour iptv,1,23,4.35%,10.26
changer batterie iphone 12,1,23,4.35%,10.7
macbook air 13 a1466,1,23,4.35%,11.7
estimation reprise iphone,1,23,4.35%,15.57
bel phone,1,22,4.55%,2.86
prix pour changer l'écran d'un iphone 11,1,22,4.55%,3.68
rachat ps5,1,22,4.55%,5.23
prix ecran s23 ultra,1,22,4.55%,6.05
remplacement batterie iphone 14 pro max,1,22,4.55%,7.82
remplacement ecran iphone 12,1,22,4.55%,8.82
samsung s21 scherm vervangen kosten,1,22,4.55%,8.95
changer batterie iphone 13 prix,1,22,4.55%,10.32
réparation écran samsung s21 ultra prix,1,22,4.55%,13.45
estimation iphone 11,1,22,4.55%,15.32
changer ecran iphone 10,1,22,4.55%,18.73
wster,1,21,4.76%,4.48
réparateur ps5,1,21,4.76%,5.38
reparation camera iphone 11,1,21,4.76%,5.86
micro soudure iphone,1,21,4.76%,8.05
phone shop near me,1,21,4.76%,9.14
reparation manette ps4,1,21,4.76%,9.62
mag 322 prix,1,21,4.76%,10.14
remplacement batterie iphone se 2020,1,21,4.76%,14.76
remplacement batterie iphone 12 mini,1,21,4.76%,14.86
reprise pc,1,21,4.76%,15.14
changement batterie iphone se 2020,1,21,4.76%,18.9
iptv box android,1,21,4.76%,20.1
iphone 12 scherm vervangen prijs,1,20,5%,4.35
réparation écran samsung z fold 4 prix,1,20,5%,6
ou revendre son telephone,1,20,5%,7.55
ecran samsung a54,1,20,5%,7.65
rachat de smartphone,1,20,5%,8.4
reparer ecran iphone 13 prix,1,20,5%,9.4
prix batterie iphone 14 pro,1,20,5%,9.6
s23 ultra verkopen,1,20,5%,9.85
roze blackberry,1,20,5%,11.1
changement ecran iphone 14 prix,1,20,5%,11.7
prix réparation écran z flip 3,1,20,5%,11.95
rachat ipad,1,20,5%,13.9
coque batterie iphone x,1,20,5%,17.3
prix pour reparer un ecran iphone 11,1,19,5.26%,1.21
iphone 15 revente,1,19,5.26%,4.21
changer batterie s22,1,19,5.26%,6.95
magasin telephone belgique,1,19,5.26%,7.05
iptv par satellite,1,19,5.26%,7.58
prix reparation ecran iphone 14 pro,1,19,5.26%,7.89
remplacement batterie iphone 12 prix,1,19,5.26%,8.26
vendre son ordinateur,1,19,5.26%,9
prix changement batterie iphone 14 pro,1,19,5.26%,9.21
remplacer ecran iphone 12,1,19,5.26%,10.53
batterie iphone 12 pro prix,1,19,5.26%,10.58
iptv ou acheter,1,19,5.26%,10.68
réparation écran samsung s21 prix,1,19,5.26%,16.21
prix batterie iphone 15 pro,1,18,5.56%,6.72
écran samsung s22 ultra prix,1,18,5.56%,6.94
changement ecran iphone 15,1,18,5.56%,7.83
changement ecran samsung a14,1,18,5.56%,8.39
combien coute la reparation de l'arrière d'un iphone 12,1,18,5.56%,9.17
reparation vitre arriere iphone 14 pro max,1,18,5.56%,9.67
magasin rachat telephone,1,18,5.56%,11.11
revendre iphone 15 pro,1,18,5.56%,11.17
grossiste téléphone occasion,1,18,5.56%,12
nettoyage ps4 prix,1,18,5.56%,12.33
prix réparation ecran iphone 11,1,17,5.88%,1.35
samsung galaxy a14 scherm vervangen,1,17,5.88%,4.82
reparation de manette ps5,1,17,5.88%,7.29
ecran iphone xs max,1,17,5.88%,7.47
prix remplacement batterie iphone 13 pro,1,17,5.88%,8.41
prix pour reparer ecran iphone 11,1,17,5.88%,8.53
vendre iphone 14 pro max,1,17,5.88%,8.71
changer batterie iphone 13 pro max,1,17,5.88%,9.29
tv linsar,1,17,5.88%,11.59
iphone 11 changement ecran,1,17,5.88%,12.18
réparation iphone 11 écran,1,17,5.88%,12.82
alcatel one touch p310x,1,17,5.88%,18.06
changer objectif iphone 13,1,16,6.25%,2
remplacement batterie iphone prix,1,16,6.25%,3.69
reparation iphone 13 pro max,1,16,6.25%,4.5
reparer telephone autour de moi,1,16,6.25%,4.75
achat iptv box,1,16,6.25%,6.88
iphone 15 reprise,1,16,6.25%,6.94
réparation apple watch prix,1,16,6.25%,8.12
gtstar,1,16,6.25%,12
changer vitre iphone 11 prix,1,16,6.25%,12.12
iphone verkopen in winkel,1,16,6.25%,13.06
adaptateur lightning jack,1,16,6.25%,15.88
prix batterie iphone se 2020,1,16,6.25%,17.69
smartphone verkopen,1,16,6.25%,28.31
iphone reconditionne belgique,1,16,6.25%,29.81
remplacer ecran iphone 11 pro,1,16,6.25%,30
changer batterie ipad mini 4,1,16,6.25%,31.06
changement écran iphone 11,1,15,6.67%,2.8
réparation téléphone à domicile,1,15,6.67%,4.13
reparation ecran iphone 14 pro max,1,15,6.67%,5.8
revente samsung,1,15,6.67%,6.67
reparation iphone 15,1,15,6.67%,6.87
réparation écran tablette prix,1,15,6.67%,7.2
revendre macbook pro,1,15,6.67%,7.47
reparation ecran iphone 15 pro,1,15,6.67%,9
reparation ecran s22 ultra,1,15,6.67%,9.33
réparation iphone 13 prix,1,15,6.67%,9.47
ou vendre son pc,1,15,6.67%,9.53
recepteur iptv,1,15,6.67%,9.8
changement vitre iphone 11,1,15,6.67%,9.93
réparation apple watch,1,15,6.67%,10.07
prix ecran iphone 12 pro max,1,15,6.67%,10.33
vendre iphone 14 pro,1,15,6.67%,10.4
remplacement batterie iphone 11 prix,1,15,6.67%,11
prix changement ecran iphone xr,1,15,6.67%,12.67
iphone 11 ecran reparation,1,15,6.67%,12.8
écran z flip 3 cassé,1,15,6.67%,14.93
réparation écran ipad air prix,1,15,6.67%,15.2
prix ecran iphone 13 pro max,1,15,6.67%,16.87
prix camera iphone 13,1,14,7.14%,2.29
reparation iphone 14 pro,1,14,7.14%,5.5
reparation ecran iphone 13 prix,1,14,7.14%,7.21
reprise iphone 12 pro,1,14,7.14%,7.5
remplacement batterie iphone 13 pro max,1,14,7.14%,7.79
changer connecteur de charge iphone 13 prix,1,14,7.14%,8
revente macbook air,1,14,7.14%,8.07
changer batterie iphone 13 pro max prix,1,14,7.14%,8.14
remplacement batterie iphone 15 pro,1,14,7.14%,8.36
réparation écran samsung z flip 4 prix,1,14,7.14%,9.79
réparation écran redmi note 10 prix,1,14,7.14%,14.5
réparation ps4 prix,1,14,7.14%,15.71
iphone occasion belgique,1,14,7.14%,28.43
hdmi ps5 reparation,1,13,7.69%,4
prix revente iphone 14,1,13,7.69%,4.38
imaq tv,1,13,7.69%,4.92
rachat iphone cassé,1,13,7.69%,5.38
revendre iphone 16 pro,1,13,7.69%,5.54
écran iphone xs,1,13,7.69%,6.08
iphone cassé à vendre,1,13,7.69%,7
réparation nintendo ds,1,13,7.69%,7
3ds reparatie,1,13,7.69%,7.46
klipad hybride 2 en 1,1,13,7.69%,7.77
cout de reparation iphone,1,13,7.69%,7.92
ecran samsung s10 plus,1,13,7.69%,8.54
iphone 15 reparation ecran,1,13,7.69%,8.54
prix remplacement batterie iphone se 2020,1,13,7.69%,8.85
combien coute l'ecran d'un iphone 11,1,13,7.69%,9.54
rachat iphone 15 pro max,1,13,7.69%,9.77
iphone vendre,1,13,7.69%,10.54
ideapad 3 15ada05,1,13,7.69%,13.54
vendre téléphone,1,13,7.69%,17.38
dell latitude e5550,1,13,7.69%,20.31
scherm s22 ultra vervangen,1,13,7.69%,30.38
belphone,1,12,8.33%,2.58
prix ecran iphone 15 pro,1,12,8.33%,2.67
samsung a14 scherm vervangen prijs,1,12,8.33%,3.08
vendre mon ordinateur,1,12,8.33%,6.08
achterkant iphone 11 vervangen,1,12,8.33%,6.25
magasin reparation ps5,1,12,8.33%,6.25
réparation écran interne z fold 3,1,12,8.33%,6.42
réparation manette xbox série x,1,12,8.33%,6.5
remplacement ecran samsung s23 ultra,1,12,8.33%,7
reprise iphone 13 prix,1,12,8.33%,7
rachat d'iphone,1,12,8.33%,7.25
réparation vitre arrière iphone 12 pro max prix,1,12,8.33%,7.25
changer batterie iphone 14,1,12,8.33%,7.58
écran samsung s22 ultra,1,12,8.33%,7.83
prix remplacement ecran iphone 15,1,12,8.33%,8.08
remplacer batterie iphone 13 pro,1,12,8.33%,8.33
vitre arriere iphone 16 pro max,1,12,8.33%,8.42
revente pc,1,12,8.33%,8.67
estimation reparation iphone,1,12,8.33%,8.83
prix reparation manette ps5,1,12,8.33%,10.17
remplacement ecran iphone se,1,12,8.33%,11.58
reprise pc gamer,1,12,8.33%,12.08
ecran cassé iphone 11,1,12,8.33%,12.25
réparation écran iphone xr prix pas cher,1,12,8.33%,13.42
écran iphone se 2020 prix,1,12,8.33%,17.92
réparation écran huawei p30 lite,1,12,8.33%,18.92
changement batterie iphone 12 pro max,1,12,8.33%,20.83
changer appareil photo iphone 11,1,11,9.09%,2
reparer camera arriere iphone 13,1,11,9.09%,2
magasin réparation telephone,1,11,9.09%,3.27
iphone 16 reprise,1,11,9.09%,3.45
réparation caméra iphone 11 prix,1,11,9.09%,3.55
reparation ecran iphone 14 pro,1,11,9.09%,4.55
changement camera iphone 13,1,11,9.09%,5.55
apple reprise iphone estimation,1,11,9.09%,5.73
revendre son apple watch,1,11,9.09%,6.18
rachat pc gamer,1,11,9.09%,6.82
vendre mon pc,1,11,9.09%,7.45
vendre iphone 13 pro max,1,11,9.09%,7.73
prix changement ecran iphone xs,1,11,9.09%,8
prix remplacement batterie iphone 13 pro max,1,11,9.09%,8.18
reparation ecran iphone 15 pro max,1,11,9.09%,9
changer ecran iphone 13 prix,1,11,9.09%,9.27
réparation huawei,1,11,9.09%,9.73
changement ecran iphone prix,1,11,9.09%,10.18
changer batterie iphone se 2022,1,11,9.09%,10.27
reprise ordinateur,1,11,9.09%,11.09
prix pour changer batterie tablette samsung,1,11,9.09%,11.18
iphone 11 scherm laten maken,1,11,9.09%,11.45
vitre arriere iphone 12,1,11,9.09%,11.82
vendre iphone xr,1,11,9.09%,13.36
reparation ecran iphone 12 mini,1,11,9.09%,13.82
prix reparation iphone ecran,1,11,9.09%,15.18
ps5 occasion belgique,1,11,9.09%,20.73
smartphone repair,1,11,9.09%,22.45
reparer camera iphone 11,1,11,9.09%,24.09
changer camera iphone 13 pro,1,10,10%,3.2
reparation iphone xs,1,10,10%,3.8
prix changement batterie samsung s20 fe,1,10,10%,4.2
remplacer batterie iphone prix,1,10,10%,4.2
iphone 14 revente,1,10,10%,4.5
réparation vitre samsung s23 ultra,1,10,10%,4.5
iphone 16 pro max reprise,1,10,10%,4.6
réparation d'écran téléphone,1,10,10%,4.9
revendre téléphone,1,10,10%,5.9
prix d un ecran iphone 11,1,10,10%,6.2
reparateur tablette,1,10,10%,6.4
revendre son mobile en magasin,1,10,10%,6.5
magasin rachat electronique,1,10,10%,6.6
écran s22 ultra,1,10,10%,6.8
ecran arriere iphone 16 pro max,1,10,10%,7.6
remplacement vitre iphone 15,1,10,10%,7.6
prix réparation ps5,1,10,10%,7.7
iphone 15 vendre,1,10,10%,8.4
reparation telephone tombé dans l'eau prix,1,10,10%,8.4
reparation batterie iphone 13,1,10,10%,8.8
changer batterie iphone xr prix,1,10,10%,8.9
reprise d'appareil electronique,1,10,10%,11.2
cout reparation ecran iphone,1,10,10%,11.5
changer batterie iphone xs tarif,1,10,10%,12.1
réparation écran z fold 4,1,10,10%,13.3
réparation écran tablette huawei prix,1,10,10%,17.4
prix changement batterie samsung s9 plus,1,10,10%,35.2
prix réparation hdmi ps5,1,9,11.11%,1.56
reparation console de jeu,1,9,11.11%,3.78
ps5 reparation hdmi,1,9,11.11%,4
ou faire reparer sa ps5,1,9,11.11%,4.56
reparation appareil photo iphone 13,1,9,11.11%,4.78
vendre son tel,1,9,11.11%,5.33
iphone 11 reparation ecran prix,1,9,11.11%,5.89
reparation appareil photo iphone,1,9,11.11%,5.89
réparation écran samsung a70 prix,1,9,11.11%,6.11
réparation écran xiaomi redmi note 11 prix,1,9,11.11%,6.22
iphone 12 ecran,1,9,11.11%,6.56
rachat iphone 14,1,9,11.11%,6.67
changement batterie iphone 15 prix,1,9,11.11%,7.33
changer ecran iphone 14 pro,1,9,11.11%,7.33
ou vendre iphone,1,9,11.11%,7.67
ou revendre mon iphone,1,9,11.11%,8.56
réparation écran iphone 16 pro max,1,9,11.11%,9.56
reprise iphone 15 plus,1,9,11.11%,9.67
réparation ps3 prix,1,9,11.11%,9.89
réparation xbox serie x,1,9,11.11%,10.78
réparation écran ipad pro prix,1,9,11.11%,11.44
ou revendre son ordinateur,1,9,11.11%,12.44
réparation écran ipad pro 11 prix,1,9,11.11%,13.22
prix reparation ecran iphone 13 pro max,1,9,11.11%,13.67
service iphone,1,9,11.11%,13.89
samsung s20 fe écran cassé,1,9,11.11%,16.33
samsung s22 ultra scherm,1,9,11.11%,16.67
vendre son iphone 15,1,8,12.5%,3.38
reparateur console,1,8,12.5%,3.5
box iptv wifi,1,8,12.5%,3.88
prix reparation iphone x,1,8,12.5%,4.25
vendre mon téléphone,1,8,12.5%,4.38
vendre sa playstation 5,1,8,12.5%,4.62
iphone 16 pro revente,1,8,12.5%,4.75
iphone 13 reprise,1,8,12.5%,4.88
iphone 15 pro reprise,1,8,12.5%,5.5
réparation 3ds xl,1,8,12.5%,5.88
vitre arriere iphone 12 mini,1,8,12.5%,6
iphone 16 pro max revente,1,8,12.5%,6.38
reparation ecran iphone se 2022,1,8,12.5%,6.62
iphone 11 changement batterie,1,8,12.5%,7.12
batterie iphone 13 mini prix,1,8,12.5%,7.38
batterij samsung a53 vervangen,1,8,12.5%,8
box pour iptv,1,8,12.5%,8.75
réparation écran iphone xs max prix,1,8,12.5%,8.75
reparation ecran iphone 16 pro max,1,8,12.5%,9
hp elite book 755 g5,1,8,12.5%,9.5
nintendo ds reparatie,1,8,12.5%,9.5
reparation ecran iphone 12 pro max,1,8,12.5%,9.5
iphone 14 pro max reprise,1,8,12.5%,9.62
prix ecran iphone xr,1,8,12.5%,10.38
changement batterie s22,1,8,12.5%,10.5
prix remplacement ecran iphone 11 pro,1,8,12.5%,10.62
magasin qui reprend les telephone,1,8,12.5%,10.75
réparation écran samsung z flip 6 prix,1,8,12.5%,11.5
changement batterie iphone 14 prix,1,8,12.5%,11.75
prix changement ecran iphone 11 pro,1,8,12.5%,14.88